SET NOCOUNT ON;

IF NOT EXISTS(SELECT TOP (1) 1 FROM dbo.App_SQLServerVersion WHERE [VersionNumber] = N'10.00.1019')
INSERT INTO dbo.App_SQLServerVersion([VersionNumber],[Name],[ReleaseDate])VALUES (N'10.00.1019', N'SQL Server 2008 CTP, June 2007', '20070521')
IF NOT EXISTS(SELECT TOP (1) 1 FROM dbo.App_SQLServerVersion WHERE [VersionNumber] = N'10.00.1049')
INSERT INTO dbo.App_SQLServerVersion([VersionNumber],[Name],[ReleaseDate])VALUES (N'10.00.1049', N'SQL Server 2008 CTP, July 2007', '20070731')
IF NOT EXISTS(SELECT TOP (1) 1 FROM dbo.App_SQLServerVersion WHERE [VersionNumber] = N'10.00.1075')
INSERT INTO dbo.App_SQLServerVersion([VersionNumber],[Name],[ReleaseDate])VALUES (N'10.00.1075', N'Microsoft SQL Server 2008 CTP, November 2007', '20071118')
IF NOT EXISTS(SELECT TOP (1) 1 FROM dbo.App_SQLServerVersion WHERE [VersionNumber] = N'10.00.1300')
INSERT INTO dbo.App_SQLServerVersion([VersionNumber],[Name],[ReleaseDate])VALUES (N'10.00.1300', N'Microsoft SQL Server 2008 CTP, February 2008', '20080219')
IF NOT EXISTS(SELECT TOP (1) 1 FROM dbo.App_SQLServerVersion WHERE [VersionNumber] = N'10.00.1442')
INSERT INTO dbo.App_SQLServerVersion([VersionNumber],[Name],[ReleaseDate])VALUES (N'10.00.1442', N'Microsoft SQL Server 2008 RC0', '20080605')
IF NOT EXISTS(SELECT TOP (1) 1 FROM dbo.App_SQLServerVersion WHERE [VersionNumber] = N'10.00.1600')
INSERT INTO dbo.App_SQLServerVersion([VersionNumber],[Name],[ReleaseDate])VALUES (N'10.00.1600', N'SQL Server 2008 RTM', '20080807')
IF NOT EXISTS(SELECT TOP (1) 1 FROM dbo.App_SQLServerVersion WHERE [VersionNumber] = N'10.00.1750')
INSERT INTO dbo.App_SQLServerVersion([VersionNumber],[Name],[ReleaseDate])VALUES (N'10.00.1750', N'956718 FIX: A MERGE statement may not enforce a foreign key constraint when the statement updates a unique key column that is not part of a clustering key that has a single row as the update source in SQL Server 2008', '20080825')
IF NOT EXISTS(SELECT TOP (1) 1 FROM dbo.App_SQLServerVersion WHERE [VersionNumber] = N'10.00.1763')
INSERT INTO dbo.App_SQLServerVersion([VersionNumber],[Name],[ReleaseDate])VALUES (N'10.00.1763', N'956717 Cumulative update package 1 (CU1) for SQL Server 2008', '20081028')
IF NOT EXISTS(SELECT TOP (1) 1 FROM dbo.App_SQLServerVersion WHERE [VersionNumber] = N'10.00.1771')
INSERT INTO dbo.App_SQLServerVersion([VersionNumber],[Name],[ReleaseDate])VALUES (N'10.00.1771', N'958611 FIX: You may receive incorrect results when you run a query that references three or more tables in the FROM clause in SQL Server 2008', '20081029')
IF NOT EXISTS(SELECT TOP (1) 1 FROM dbo.App_SQLServerVersion WHERE [VersionNumber] = N'10.00.1779')
INSERT INTO dbo.App_SQLServerVersion([VersionNumber],[Name],[ReleaseDate])VALUES (N'10.00.1779', N'958186 Cumulative update package 2 (CU2) for SQL Server 2008', '20081119')
IF NOT EXISTS(SELECT TOP (1) 1 FROM dbo.App_SQLServerVersion WHERE [VersionNumber] = N'10.00.1787')
INSERT INTO dbo.App_SQLServerVersion([VersionNumber],[Name],[ReleaseDate])VALUES (N'10.00.1787', N'960484 Cumulative update package 3 (CU3) for SQL Server 2008', '20090119')
IF NOT EXISTS(SELECT TOP (1) 1 FROM dbo.App_SQLServerVersion WHERE [VersionNumber] = N'10.00.1798')
INSERT INTO dbo.App_SQLServerVersion([VersionNumber],[Name],[ReleaseDate])VALUES (N'10.00.1798', N'963036 Cumulative update package 4 (CU4) for SQL Server 2008', '20090317')
IF NOT EXISTS(SELECT TOP (1) 1 FROM dbo.App_SQLServerVersion WHERE [VersionNumber] = N'10.00.1806')
INSERT INTO dbo.App_SQLServerVersion([VersionNumber],[Name],[ReleaseDate])VALUES (N'10.00.1806', N'969531 Cumulative update package 5 (CU5) for SQL Server 2008', '20090518')
IF NOT EXISTS(SELECT TOP (1) 1 FROM dbo.App_SQLServerVersion WHERE [VersionNumber] = N'10.00.1812')
INSERT INTO dbo.App_SQLServerVersion([VersionNumber],[Name],[ReleaseDate])VALUES (N'10.00.1812', N'971490 Cumulative update package 6 (CU6) for SQL Server 2008', '20090721')
IF NOT EXISTS(SELECT TOP (1) 1 FROM dbo.App_SQLServerVersion WHERE [VersionNumber] = N'10.00.1818')
INSERT INTO dbo.App_SQLServerVersion([VersionNumber],[Name],[ReleaseDate])VALUES (N'10.00.1818', N'973601 Cumulative update package 7 (CU7) for SQL Server 2008', '20090921')
IF NOT EXISTS(SELECT TOP (1) 1 FROM dbo.App_SQLServerVersion WHERE [VersionNumber] = N'10.00.1823')
INSERT INTO dbo.App_SQLServerVersion([VersionNumber],[Name],[ReleaseDate])VALUES (N'10.00.1823', N'975976 Cumulative update package 8 (CU8) for SQL Server 2008', '20091116')
IF NOT EXISTS(SELECT TOP (1) 1 FROM dbo.App_SQLServerVersion WHERE [VersionNumber] = N'10.00.1828')
INSERT INTO dbo.App_SQLServerVersion([VersionNumber],[Name],[ReleaseDate])VALUES (N'10.00.1828', N'977444 Cumulative update package 9 (CU9) for SQL Server 2008', '20100118')
IF NOT EXISTS(SELECT TOP (1) 1 FROM dbo.App_SQLServerVersion WHERE [VersionNumber] = N'10.00.1835')
INSERT INTO dbo.App_SQLServerVersion([VersionNumber],[Name],[ReleaseDate])VALUES (N'10.00.1835', N'979064 Cumulative update package 10 (CU10) for SQL Server 2008', '20100315')
IF NOT EXISTS(SELECT TOP (1) 1 FROM dbo.App_SQLServerVersion WHERE [VersionNumber] = N'10.00.2520')
INSERT INTO dbo.App_SQLServerVersion([VersionNumber],[Name],[ReleaseDate])VALUES (N'10.00.2520', N'SQL Server 2008 Service Pack 1 - CTP', '20090223')
IF NOT EXISTS(SELECT TOP (1) 1 FROM dbo.App_SQLServerVersion WHERE [VersionNumber] = N'10.00.2531')
INSERT INTO dbo.App_SQLServerVersion([VersionNumber],[Name],[ReleaseDate])VALUES (N'10.00.2531', N'SQL Server 2008 Service Pack 1 (SP1)', '20090407')
IF NOT EXISTS(SELECT TOP (1) 1 FROM dbo.App_SQLServerVersion WHERE [VersionNumber] = N'10.00.2573')
INSERT INTO dbo.App_SQLServerVersion([VersionNumber],[Name],[ReleaseDate])VALUES (N'10.00.2573', N'2494096 MS11-049: Description of the security update for SQL Server 2008 Service Pack 1 GDR: June 14, 2011', '20110614')
IF NOT EXISTS(SELECT TOP (1) 1 FROM dbo.App_SQLServerVersion WHERE [VersionNumber] = N'10.00.2710')
INSERT INTO dbo.App_SQLServerVersion([VersionNumber],[Name],[ReleaseDate])VALUES (N'10.00.2710', N'969099 Cumulative update package 1 (CU1) for SQL Server 2008 Service Pack 1', '20090416')
IF NOT EXISTS(SELECT TOP (1) 1 FROM dbo.App_SQLServerVersion WHERE [VersionNumber] = N'10.00.2712')
INSERT INTO dbo.App_SQLServerVersion([VersionNumber],[Name],[ReleaseDate])VALUES (N'10.00.2712', N'970507 FIX: Error message in SQL Server 2008 when you run an INSERT SELECT statement on a table: "Violation of PRIMARY KEY constraint ''<PrimaryKey>''. Cannot insert duplicate key in object ''<TableName>''"', '20090721')
IF NOT EXISTS(SELECT TOP (1) 1 FROM dbo.App_SQLServerVersion WHERE [VersionNumber] = N'10.00.2714')
INSERT INTO dbo.App_SQLServerVersion([VersionNumber],[Name],[ReleaseDate])VALUES (N'10.00.2714', N'970315 Cumulative update package 2 (CU2) for SQL Server 2008 Service Pack 1', '20090518')
IF NOT EXISTS(SELECT TOP (1) 1 FROM dbo.App_SQLServerVersion WHERE [VersionNumber] = N'10.00.2723')
INSERT INTO dbo.App_SQLServerVersion([VersionNumber],[Name],[ReleaseDate])VALUES (N'10.00.2723', N'971491 Cumulative update package 3 (CU3) for SQL Server 2008 Service Pack 1', '20090721')
IF NOT EXISTS(SELECT TOP (1) 1 FROM dbo.App_SQLServerVersion WHERE [VersionNumber] = N'10.00.2734')
INSERT INTO dbo.App_SQLServerVersion([VersionNumber],[Name],[ReleaseDate])VALUES (N'10.00.2734', N'973602 Cumulative update package 4 (CU4) for SQL Server 2008 Service Pack 1', '20090922')
IF NOT EXISTS(SELECT TOP (1) 1 FROM dbo.App_SQLServerVersion WHERE [VersionNumber] = N'10.00.2740')
INSERT INTO dbo.App_SQLServerVersion([VersionNumber],[Name],[ReleaseDate])VALUES (N'10.00.2740', N'976761 FIX: Error message when you perform a rolling upgrade in a SQL Server 2008 cluster : "18401, Login failed for user SQLTEST\AgentService. Reason: Server is in script upgrade mode. Only administrator can connect at this time.[SQLState 42000]"', '20091124')
IF NOT EXISTS(SELECT TOP (1) 1 FROM dbo.App_SQLServerVersion WHERE [VersionNumber] = N'10.00.2746')
INSERT INTO dbo.App_SQLServerVersion([VersionNumber],[Name],[ReleaseDate])VALUES (N'10.00.2746', N'975977 Cumulative update package 5 (CU5) for SQL Server 2008 Service Pack 1', '20091116')
IF NOT EXISTS(SELECT TOP (1) 1 FROM dbo.App_SQLServerVersion WHERE [VersionNumber] = N'10.00.2757')
INSERT INTO dbo.App_SQLServerVersion([VersionNumber],[Name],[ReleaseDate])VALUES (N'10.00.2757', N'977443 Cumulative update package 6 (CU6) for SQL Server 2008 Service Pack 1', '20100118')
IF NOT EXISTS(SELECT TOP (1) 1 FROM dbo.App_SQLServerVersion WHERE [VersionNumber] = N'10.00.2766')
INSERT INTO dbo.App_SQLServerVersion([VersionNumber],[Name],[ReleaseDate])VALUES (N'10.00.2766', N'979065 Cumulative update package 7 (CU7) for SQL Server 2008 Service Pack 1', '20100326')
IF NOT EXISTS(SELECT TOP (1) 1 FROM dbo.App_SQLServerVersion WHERE [VersionNumber] = N'10.00.2775')
INSERT INTO dbo.App_SQLServerVersion([VersionNumber],[Name],[ReleaseDate])VALUES (N'10.00.2775', N'981702 Cumulative update package 8 (CU8) for SQL Server 2008 Service Pack 1', '20100517')
IF NOT EXISTS(SELECT TOP (1) 1 FROM dbo.App_SQLServerVersion WHERE [VersionNumber] = N'10.00.2787')
INSERT INTO dbo.App_SQLServerVersion([VersionNumber],[Name],[ReleaseDate])VALUES (N'10.00.2787', N'2231277 FIX: The Reporting Services service stops unexpectedly after you apply SQL Server 2008 SP1 CU 7 or CU8', '20100730')
IF NOT EXISTS(SELECT TOP (1) 1 FROM dbo.App_SQLServerVersion WHERE [VersionNumber] = N'10.00.2789')
INSERT INTO dbo.App_SQLServerVersion([VersionNumber],[Name],[ReleaseDate])VALUES (N'10.00.2789', N'2083921 Cumulative update package 9 (CU9) for SQL Server 2008 Service Pack 1', '20100721')
IF NOT EXISTS(SELECT TOP (1) 1 FROM dbo.App_SQLServerVersion WHERE [VersionNumber] = N'10.00.2799')
INSERT INTO dbo.App_SQLServerVersion([VersionNumber],[Name],[ReleaseDate])VALUES (N'10.00.2799', N'2279604 Cumulative update package 10 (CU10) for SQL Server 2008 Service Pack 1', '20100921')
IF NOT EXISTS(SELECT TOP (1) 1 FROM dbo.App_SQLServerVersion WHERE [VersionNumber] = N'10.00.2804')
INSERT INTO dbo.App_SQLServerVersion([VersionNumber],[Name],[ReleaseDate])VALUES (N'10.00.2804', N'2413738 Cumulative update package 11 (CU11) for SQL Server 2008 Service Pack 1', '20101115')
IF NOT EXISTS(SELECT TOP (1) 1 FROM dbo.App_SQLServerVersion WHERE [VersionNumber] = N'10.00.2808')
INSERT INTO dbo.App_SQLServerVersion([VersionNumber],[Name],[ReleaseDate])VALUES (N'10.00.2808', N'2467236 Cumulative update package 12 (CU12) for SQL Server 2008 Service Pack 1', '20110210')
IF NOT EXISTS(SELECT TOP (1) 1 FROM dbo.App_SQLServerVersion WHERE [VersionNumber] = N'10.00.2816')
INSERT INTO dbo.App_SQLServerVersion([VersionNumber],[Name],[ReleaseDate])VALUES (N'10.00.2816', N'2497673 Cumulative update package 13 (CU13) for SQL Server 2008 Service Pack 1', '20110322')
IF NOT EXISTS(SELECT TOP (1) 1 FROM dbo.App_SQLServerVersion WHERE [VersionNumber] = N'10.00.2821')
INSERT INTO dbo.App_SQLServerVersion([VersionNumber],[Name],[ReleaseDate])VALUES (N'10.00.2821', N'2527187 Cumulative update package 14 (CU14) for SQL Server 2008 Service Pack 1', '20110516')
IF NOT EXISTS(SELECT TOP (1) 1 FROM dbo.App_SQLServerVersion WHERE [VersionNumber] = N'10.00.2847')
INSERT INTO dbo.App_SQLServerVersion([VersionNumber],[Name],[ReleaseDate])VALUES (N'10.00.2847', N'2555406 Cumulative update package 15 (CU15) for SQL Server 2008 Service Pack 1', '20110718')
IF NOT EXISTS(SELECT TOP (1) 1 FROM dbo.App_SQLServerVersion WHERE [VersionNumber] = N'10.00.2850')
INSERT INTO dbo.App_SQLServerVersion([VersionNumber],[Name],[ReleaseDate])VALUES (N'10.00.2850', N'2582282 Cumulative update package 16 (CU16) for SQL Server 2008 Service Pack 1', '20110919')
IF NOT EXISTS(SELECT TOP (1) 1 FROM dbo.App_SQLServerVersion WHERE [VersionNumber] = N'10.00.3798')
INSERT INTO dbo.App_SQLServerVersion([VersionNumber],[Name],[ReleaseDate])VALUES (N'10.00.3798', N'SQL Server 2008 Service Pack 2 CTP', '20100707')
IF NOT EXISTS(SELECT TOP (1) 1 FROM dbo.App_SQLServerVersion WHERE [VersionNumber] = N'10.00.4000')
INSERT INTO dbo.App_SQLServerVersion([VersionNumber],[Name],[ReleaseDate])VALUES (N'10.00.4000', N'SQL Server 2008 Service Pack 2 (SP2)', '20100929')
IF NOT EXISTS(SELECT TOP (1) 1 FROM dbo.App_SQLServerVersion WHERE [VersionNumber] = N'10.00.4064')
INSERT INTO dbo.App_SQLServerVersion([VersionNumber],[Name],[ReleaseDate])VALUES (N'10.00.4064', N'2494089 MS11-049: Description of the security update for SQL Server 2008 Service Pack 2 GDR: June 14, 2011', '20110614')
IF NOT EXISTS(SELECT TOP (1) 1 FROM dbo.App_SQLServerVersion WHERE [VersionNumber] = N'10.00.4067')
INSERT INTO dbo.App_SQLServerVersion([VersionNumber],[Name],[ReleaseDate])VALUES (N'10.00.4067', N'Microsoft Security Bulletin MS12-070', '20121009')
IF NOT EXISTS(SELECT TOP (1) 1 FROM dbo.App_SQLServerVersion WHERE [VersionNumber] = N'10.00.4266')
INSERT INTO dbo.App_SQLServerVersion([VersionNumber],[Name],[ReleaseDate])VALUES (N'10.00.4266', N'2289254 Cumulative update package 1 (CU1) for SQL Server 2008 Service Pack 2', '20101115')
IF NOT EXISTS(SELECT TOP (1) 1 FROM dbo.App_SQLServerVersion WHERE [VersionNumber] = N'10.00.4272')
INSERT INTO dbo.App_SQLServerVersion([VersionNumber],[Name],[ReleaseDate])VALUES (N'10.00.4272', N'2467239 Cumulative update package 2 (CU2) for SQL Server 2008 Service Pack 2', '20110210')
IF NOT EXISTS(SELECT TOP (1) 1 FROM dbo.App_SQLServerVersion WHERE [VersionNumber] = N'10.00.4279')
INSERT INTO dbo.App_SQLServerVersion([VersionNumber],[Name],[ReleaseDate])VALUES (N'10.00.4279', N'2498535 Cumulative update package 3 (CU3) for SQL Server 2008 Service Pack 2', '20110311')
IF NOT EXISTS(SELECT TOP (1) 1 FROM dbo.App_SQLServerVersion WHERE [VersionNumber] = N'10.00.4285')
INSERT INTO dbo.App_SQLServerVersion([VersionNumber],[Name],[ReleaseDate])VALUES (N'10.00.4285', N'2527180 Cumulative update package 4 (CU4) for SQL Server 2008 Service Pack 2', '20110516')
IF NOT EXISTS(SELECT TOP (1) 1 FROM dbo.App_SQLServerVersion WHERE [VersionNumber] = N'10.00.4316')
INSERT INTO dbo.App_SQLServerVersion([VersionNumber],[Name],[ReleaseDate])VALUES (N'10.00.4316', N'2555408 Cumulative update package 5 (CU5) for SQL Server 2008 Service Pack 2', '20110718')
IF NOT EXISTS(SELECT TOP (1) 1 FROM dbo.App_SQLServerVersion WHERE [VersionNumber] = N'10.00.4321')
INSERT INTO dbo.App_SQLServerVersion([VersionNumber],[Name],[ReleaseDate])VALUES (N'10.00.4321', N'2582285 Cumulative update package 6 (CU6) for SQL Server 2008 Service Pack 2', '20110920')
IF NOT EXISTS(SELECT TOP (1) 1 FROM dbo.App_SQLServerVersion WHERE [VersionNumber] = N'10.00.4323')
INSERT INTO dbo.App_SQLServerVersion([VersionNumber],[Name],[ReleaseDate])VALUES (N'10.00.4323', N'2617148 Cumulative update package 7 (CU7) for SQL Server 2008 Service Pack 2', '20111121')
IF NOT EXISTS(SELECT TOP (1) 1 FROM dbo.App_SQLServerVersion WHERE [VersionNumber] = N'10.00.4326')
INSERT INTO dbo.App_SQLServerVersion([VersionNumber],[Name],[ReleaseDate])VALUES (N'10.00.4326', N'2648096 Cumulative update package 8 (CU8) for SQL Server 2008 Service Pack 2', '20120130')
IF NOT EXISTS(SELECT TOP (1) 1 FROM dbo.App_SQLServerVersion WHERE [VersionNumber] = N'10.00.4330')
INSERT INTO dbo.App_SQLServerVersion([VersionNumber],[Name],[ReleaseDate])VALUES (N'10.00.4330', N'2673382 Cumulative update package 9 (CU9) for SQL Server 2008 Service Pack 2', '20120319')
IF NOT EXISTS(SELECT TOP (1) 1 FROM dbo.App_SQLServerVersion WHERE [VersionNumber] = N'10.00.4332')
INSERT INTO dbo.App_SQLServerVersion([VersionNumber],[Name],[ReleaseDate])VALUES (N'10.00.4332', N'2696625 Cumulative update package 10 (CU10) for SQL Server 2008 Service Pack 2', '20120520')
IF NOT EXISTS(SELECT TOP (1) 1 FROM dbo.App_SQLServerVersion WHERE [VersionNumber] = N'10.00.4333')
INSERT INTO dbo.App_SQLServerVersion([VersionNumber],[Name],[ReleaseDate])VALUES (N'10.00.4333', N'2715951 Cumulative update package 11 (CU11) for SQL Server 2008 Service Pack 2', '20120716')
IF NOT EXISTS(SELECT TOP (1) 1 FROM dbo.App_SQLServerVersion WHERE [VersionNumber] = N'10.00.4371')
INSERT INTO dbo.App_SQLServerVersion([VersionNumber],[Name],[ReleaseDate])VALUES (N'10.00.4371', N'Microsoft Security Bulletin MS12-070', '20121009')
IF NOT EXISTS(SELECT TOP (1) 1 FROM dbo.App_SQLServerVersion WHERE [VersionNumber] = N'10.00.5416')
INSERT INTO dbo.App_SQLServerVersion([VersionNumber],[Name],[ReleaseDate])VALUES (N'10.00.5416', N'SQL Server 2008 Service Pack 3 CTP', '20110822')
IF NOT EXISTS(SELECT TOP (1) 1 FROM dbo.App_SQLServerVersion WHERE [VersionNumber] = N'10.00.5500')
INSERT INTO dbo.App_SQLServerVersion([VersionNumber],[Name],[ReleaseDate])VALUES (N'10.00.5500', N'SQL Server 2008 Service Pack 3 (SP3)', '20111006')
IF NOT EXISTS(SELECT TOP (1) 1 FROM dbo.App_SQLServerVersion WHERE [VersionNumber] = N'10.00.5512')
INSERT INTO dbo.App_SQLServerVersion([VersionNumber],[Name],[ReleaseDate])VALUES (N'10.00.5512', N'Microsoft Security Bulletin MS12-070', '20121009')
IF NOT EXISTS(SELECT TOP (1) 1 FROM dbo.App_SQLServerVersion WHERE [VersionNumber] = N'10.00.5766')
INSERT INTO dbo.App_SQLServerVersion([VersionNumber],[Name],[ReleaseDate])VALUES (N'10.00.5766', N'2617146 Cumulative update package 1 (CU1) for SQL Server 2008 Service Pack 3', '20111018')
IF NOT EXISTS(SELECT TOP (1) 1 FROM dbo.App_SQLServerVersion WHERE [VersionNumber] = N'10.00.5768')
INSERT INTO dbo.App_SQLServerVersion([VersionNumber],[Name],[ReleaseDate])VALUES (N'10.00.5768', N'2633143 Cumulative update package 2 (CU2) for SQL Server 2008 Service Pack 3', '20111122')
IF NOT EXISTS(SELECT TOP (1) 1 FROM dbo.App_SQLServerVersion WHERE [VersionNumber] = N'10.00.5770')
INSERT INTO dbo.App_SQLServerVersion([VersionNumber],[Name],[ReleaseDate])VALUES (N'10.00.5770', N'2648098 Cumulative update package 3 (CU3) for SQL Server 2008 Service Pack 3', '20120116')
IF NOT EXISTS(SELECT TOP (1) 1 FROM dbo.App_SQLServerVersion WHERE [VersionNumber] = N'10.00.5775')
INSERT INTO dbo.App_SQLServerVersion([VersionNumber],[Name],[ReleaseDate])VALUES (N'10.00.5775', N'2673383 Cumulative update package 4 (CU4) for SQL Server 2008 Service Pack 3', '20120320')
IF NOT EXISTS(SELECT TOP (1) 1 FROM dbo.App_SQLServerVersion WHERE [VersionNumber] = N'10.00.5785')
INSERT INTO dbo.App_SQLServerVersion([VersionNumber],[Name],[ReleaseDate])VALUES (N'10.00.5785', N'2696626 Cumulative update package 5 (CU5) for SQL Server 2008 Service Pack 3', '20120519')
IF NOT EXISTS(SELECT TOP (1) 1 FROM dbo.App_SQLServerVersion WHERE [VersionNumber] = N'10.00.5788')
INSERT INTO dbo.App_SQLServerVersion([VersionNumber],[Name],[ReleaseDate])VALUES (N'10.00.5788', N'2715953 Cumulative update package 6 (CU6) for SQL Server 2008 Service Pack 3', '20120716')
IF NOT EXISTS(SELECT TOP (1) 1 FROM dbo.App_SQLServerVersion WHERE [VersionNumber] = N'10.00.5794')
INSERT INTO dbo.App_SQLServerVersion([VersionNumber],[Name],[ReleaseDate])VALUES (N'10.00.5794', N'2738350 Cumulative update package 7 (CU7) for SQL Server 2008 Service Pack 3', '20120921')
IF NOT EXISTS(SELECT TOP (1) 1 FROM dbo.App_SQLServerVersion WHERE [VersionNumber] = N'10.00.5826')
INSERT INTO dbo.App_SQLServerVersion([VersionNumber],[Name],[ReleaseDate])VALUES (N'10.00.5826', N'2716435 Microsoft Security Bulletin MS12-070', '20121009')
IF NOT EXISTS(SELECT TOP (1) 1 FROM dbo.App_SQLServerVersion WHERE [VersionNumber] = N'10.00.5828')
INSERT INTO dbo.App_SQLServerVersion([VersionNumber],[Name],[ReleaseDate])VALUES (N'10.00.5828', N'2771833 Cumulative update package 8 (CU8) for SQL Server 2008 Service Pack 3', '20121119')
IF NOT EXISTS(SELECT TOP (1) 1 FROM dbo.App_SQLServerVersion WHERE [VersionNumber] = N'10.00.5829')
INSERT INTO dbo.App_SQLServerVersion([VersionNumber],[Name],[ReleaseDate])VALUES (N'10.00.5829', N'2799883 Cumulative update package 9 (CU9) for SQL Server 2008 Service Pack 3', '20130123')
IF NOT EXISTS(SELECT TOP (1) 1 FROM dbo.App_SQLServerVersion WHERE [VersionNumber] = N'10.00.5835')
INSERT INTO dbo.App_SQLServerVersion([VersionNumber],[Name],[ReleaseDate])VALUES (N'10.00.5835', N'2814783 Cumulative update package 10 (CU10) for SQL Server 2008 Service Pack 3', '20130318')
IF NOT EXISTS(SELECT TOP (1) 1 FROM dbo.App_SQLServerVersion WHERE [VersionNumber] = N'10.00.5840')
INSERT INTO dbo.App_SQLServerVersion([VersionNumber],[Name],[ReleaseDate])VALUES (N'10.00.5840', N'2834048 Cumulative update package 11 (CU11) for SQL Server 2008 Service Pack 3 (replaced)', '20130520')
IF NOT EXISTS(SELECT TOP (1) 1 FROM dbo.App_SQLServerVersion WHERE [VersionNumber] = N'10.00.5841')
INSERT INTO dbo.App_SQLServerVersion([VersionNumber],[Name],[ReleaseDate])VALUES (N'10.00.5841', N'2834048 Cumulative update package 11 (CU11) for SQL Server 2008 Service Pack 3 (updated)', '20130613')
IF NOT EXISTS(SELECT TOP (1) 1 FROM dbo.App_SQLServerVersion WHERE [VersionNumber] = N'10.00.5844')
INSERT INTO dbo.App_SQLServerVersion([VersionNumber],[Name],[ReleaseDate])VALUES (N'10.00.5844', N'2863205 Cumulative update package 12 (CU12) for SQL Server 2008 Service Pack 3', '20130716')
IF NOT EXISTS(SELECT TOP (1) 1 FROM dbo.App_SQLServerVersion WHERE [VersionNumber] = N'10.00.5846')
INSERT INTO dbo.App_SQLServerVersion([VersionNumber],[Name],[ReleaseDate])VALUES (N'10.00.5846', N'2880350 Cumulative update package 13 (CU13) for SQL Server 2008 Service Pack 3', '20130916')
IF NOT EXISTS(SELECT TOP (1) 1 FROM dbo.App_SQLServerVersion WHERE [VersionNumber] = N'10.00.5848')
INSERT INTO dbo.App_SQLServerVersion([VersionNumber],[Name],[ReleaseDate])VALUES (N'10.00.5848', N'2893410 Cumulative update package 14 (CU14) for SQL Server 2008 Service Pack 3', '20131118')
IF NOT EXISTS(SELECT TOP (1) 1 FROM dbo.App_SQLServerVersion WHERE [VersionNumber] = N'10.00.5850')
INSERT INTO dbo.App_SQLServerVersion([VersionNumber],[Name],[ReleaseDate])VALUES (N'10.00.5850', N'2923520 Cumulative update package 15 (CU15) for SQL Server 2008 Service Pack 3', '20140120')
IF NOT EXISTS(SELECT TOP (1) 1 FROM dbo.App_SQLServerVersion WHERE [VersionNumber] = N'10.00.5852')
INSERT INTO dbo.App_SQLServerVersion([VersionNumber],[Name],[ReleaseDate])VALUES (N'10.00.5852', N'2936421 Cumulative update package 16 (CU16) for SQL Server 2008 Service Pack 3', '20140317')
IF NOT EXISTS(SELECT TOP (1) 1 FROM dbo.App_SQLServerVersion WHERE [VersionNumber] = N'10.00.5861')
INSERT INTO dbo.App_SQLServerVersion([VersionNumber],[Name],[ReleaseDate])VALUES (N'10.00.5861', N'2958696 Cumulative update package 17 (CU17) for SQL Server 2008 Service Pack 3', '20140519')
IF NOT EXISTS(SELECT TOP (1) 1 FROM dbo.App_SQLServerVersion WHERE [VersionNumber] = N'10.50.1092')
INSERT INTO dbo.App_SQLServerVersion([VersionNumber],[Name],[ReleaseDate])VALUES (N'10.50.1092', N'Microsoft SQL Server 2008 R2 August Community Technology Preview (CTP)', '20090630')
IF NOT EXISTS(SELECT TOP (1) 1 FROM dbo.App_SQLServerVersion WHERE [VersionNumber] = N'10.50.1352')
INSERT INTO dbo.App_SQLServerVersion([VersionNumber],[Name],[ReleaseDate])VALUES (N'10.50.1352', N'Microsoft SQL Server 2008 R2 November Community Technology Preview (CTP)', '20091112')
IF NOT EXISTS(SELECT TOP (1) 1 FROM dbo.App_SQLServerVersion WHERE [VersionNumber] = N'10.50.1600')
INSERT INTO dbo.App_SQLServerVersion([VersionNumber],[Name],[ReleaseDate])VALUES (N'10.50.1600', N'SQL Server 2008 R2 RTM', '20100421')
IF NOT EXISTS(SELECT TOP (1) 1 FROM dbo.App_SQLServerVersion WHERE [VersionNumber] = N'10.50.1617')
INSERT INTO dbo.App_SQLServerVersion([VersionNumber],[Name],[ReleaseDate])VALUES (N'10.50.1617', N'2494088 MS11-049: Description of the security update for SQL Server 2008 R2 GDR: June 14, 2011', '20110614')
IF NOT EXISTS(SELECT TOP (1) 1 FROM dbo.App_SQLServerVersion WHERE [VersionNumber] = N'10.50.1702')
INSERT INTO dbo.App_SQLServerVersion([VersionNumber],[Name],[ReleaseDate])VALUES (N'10.50.1702', N'981355 Cumulative update package 1 (CU1) for SQL Server 2008 R2', '20100518')
IF NOT EXISTS(SELECT TOP (1) 1 FROM dbo.App_SQLServerVersion WHERE [VersionNumber] = N'10.50.1720')
INSERT INTO dbo.App_SQLServerVersion([VersionNumber],[Name],[ReleaseDate])VALUES (N'10.50.1720', N'2072493 Cumulative update package 2 (CU2) for SQL Server 2008 R2', '20100625')
IF NOT EXISTS(SELECT TOP (1) 1 FROM dbo.App_SQLServerVersion WHERE [VersionNumber] = N'10.50.1734')
INSERT INTO dbo.App_SQLServerVersion([VersionNumber],[Name],[ReleaseDate])VALUES (N'10.50.1734', N'2261464 Cumulative update package 3 (CU3) for SQL Server 2008 R2', '20100820')
IF NOT EXISTS(SELECT TOP (1) 1 FROM dbo.App_SQLServerVersion WHERE [VersionNumber] = N'10.50.1746')
INSERT INTO dbo.App_SQLServerVersion([VersionNumber],[Name],[ReleaseDate])VALUES (N'10.50.1746', N'2345451 Cumulative update package 4 (CU4) for SQL Server 2008 R2', '20101018')
IF NOT EXISTS(SELECT TOP (1) 1 FROM dbo.App_SQLServerVersion WHERE [VersionNumber] = N'10.50.1753')
INSERT INTO dbo.App_SQLServerVersion([VersionNumber],[Name],[ReleaseDate])VALUES (N'10.50.1753', N'2438347 Cumulative update package 5 (CU5) for SQL Server 2008 R2', '20101223')
IF NOT EXISTS(SELECT TOP (1) 1 FROM dbo.App_SQLServerVersion WHERE [VersionNumber] = N'10.50.1765')
INSERT INTO dbo.App_SQLServerVersion([VersionNumber],[Name],[ReleaseDate])VALUES (N'10.50.1765', N'2489376 Cumulative update package 6 (CU6) for SQL Server 2008 R2', '20110221')
IF NOT EXISTS(SELECT TOP (1) 1 FROM dbo.App_SQLServerVersion WHERE [VersionNumber] = N'10.50.1769')
INSERT INTO dbo.App_SQLServerVersion([VersionNumber],[Name],[ReleaseDate])VALUES (N'10.50.1769', N'2520808 FIX: Non-yielding scheduler error when you run a query that uses a TVP in SQL Server 2008 or in SQL Server 2008 R2 if SQL Profiler or SQL Server Extended Events is used', '20110418')
IF NOT EXISTS(SELECT TOP (1) 1 FROM dbo.App_SQLServerVersion WHERE [VersionNumber] = N'10.50.1777')
INSERT INTO dbo.App_SQLServerVersion([VersionNumber],[Name],[ReleaseDate])VALUES (N'10.50.1777', N'2507770 Cumulative update package 7 (CU7) for SQL Server 2008 R2', '20110616')
IF NOT EXISTS(SELECT TOP (1) 1 FROM dbo.App_SQLServerVersion WHERE [VersionNumber] = N'10.50.1790')
INSERT INTO dbo.App_SQLServerVersion([VersionNumber],[Name],[ReleaseDate])VALUES (N'10.50.1790', N'2494086 MS11-049: Description of the security update for SQL Server 2008 R2 QFE: June 14, 2011', '20110617')
IF NOT EXISTS(SELECT TOP (1) 1 FROM dbo.App_SQLServerVersion WHERE [VersionNumber] = N'10.50.1797')
INSERT INTO dbo.App_SQLServerVersion([VersionNumber],[Name],[ReleaseDate])VALUES (N'10.50.1797', N'2534352 Cumulative update package 8 (CU8) for SQL Server 2008 R2', '20110620')
IF NOT EXISTS(SELECT TOP (1) 1 FROM dbo.App_SQLServerVersion WHERE [VersionNumber] = N'10.50.1800')
INSERT INTO dbo.App_SQLServerVersion([VersionNumber],[Name],[ReleaseDate])VALUES (N'10.50.1800', N'2574699 FIX: Database data files might be incorrectly marked as sparse in SQL Server 2008 R2 or in SQL Server 2008 even when the physical files are marked as not sparse in the file system', '20111018')
IF NOT EXISTS(SELECT TOP (1) 1 FROM dbo.App_SQLServerVersion WHERE [VersionNumber] = N'10.50.1804')
INSERT INTO dbo.App_SQLServerVersion([VersionNumber],[Name],[ReleaseDate])VALUES (N'10.50.1804', N'2567713 Cumulative update package 9 (CU9) for SQL Server 2008 R2', '20110816')
IF NOT EXISTS(SELECT TOP (1) 1 FROM dbo.App_SQLServerVersion WHERE [VersionNumber] = N'10.50.1807')
INSERT INTO dbo.App_SQLServerVersion([VersionNumber],[Name],[ReleaseDate])VALUES (N'10.50.1807', N'2591746 Cumulative update package 10 (CU10) for SQL Server 2008 R2', '20111019')
IF NOT EXISTS(SELECT TOP (1) 1 FROM dbo.App_SQLServerVersion WHERE [VersionNumber] = N'10.50.1809')
INSERT INTO dbo.App_SQLServerVersion([VersionNumber],[Name],[ReleaseDate])VALUES (N'10.50.1809', N'2633145 Cumulative update package 11 (CU11) for SQL Server 2008 R2', '20120109')
IF NOT EXISTS(SELECT TOP (1) 1 FROM dbo.App_SQLServerVersion WHERE [VersionNumber] = N'10.50.1810')
INSERT INTO dbo.App_SQLServerVersion([VersionNumber],[Name],[ReleaseDate])VALUES (N'10.50.1810', N'2659692 Cumulative update package 12 (CU12) for SQL Server 2008 R2', '20120221')
IF NOT EXISTS(SELECT TOP (1) 1 FROM dbo.App_SQLServerVersion WHERE [VersionNumber] = N'10.50.1815')
INSERT INTO dbo.App_SQLServerVersion([VersionNumber],[Name],[ReleaseDate])VALUES (N'10.50.1815', N'2679366 Cumulative update package 13 (CU13) for SQL Server 2008 R2', '20120417')
IF NOT EXISTS(SELECT TOP (1) 1 FROM dbo.App_SQLServerVersion WHERE [VersionNumber] = N'10.50.1817')
INSERT INTO dbo.App_SQLServerVersion([VersionNumber],[Name],[ReleaseDate])VALUES (N'10.50.1817', N'2703280 Cumulative update package 14 (CU14) for SQL Server 2008 R2', '20120618')
IF NOT EXISTS(SELECT TOP (1) 1 FROM dbo.App_SQLServerVersion WHERE [VersionNumber] = N'10.50.2500')
INSERT INTO dbo.App_SQLServerVersion([VersionNumber],[Name],[ReleaseDate])VALUES (N'10.50.2500', N'SQL Server 2008 R2 Service Pack 1 (SP1)', '20110711')
IF NOT EXISTS(SELECT TOP (1) 1 FROM dbo.App_SQLServerVersion WHERE [VersionNumber] = N'10.50.2550')
INSERT INTO dbo.App_SQLServerVersion([VersionNumber],[Name],[ReleaseDate])VALUES (N'10.50.2550', N'Microsoft Security Bulletin MS12-070', '20121009')
IF NOT EXISTS(SELECT TOP (1) 1 FROM dbo.App_SQLServerVersion WHERE [VersionNumber] = N'10.50.2769')
INSERT INTO dbo.App_SQLServerVersion([VersionNumber],[Name],[ReleaseDate])VALUES (N'10.50.2769', N'2544793 Cumulative update package 1 (CU1) for SQL Server 2008 R2 Service Pack 1', '20110718')
IF NOT EXISTS(SELECT TOP (1) 1 FROM dbo.App_SQLServerVersion WHERE [VersionNumber] = N'10.50.2772')
INSERT INTO dbo.App_SQLServerVersion([VersionNumber],[Name],[ReleaseDate])VALUES (N'10.50.2772', N'2567714 Cumulative update package 2 (CU2) for SQL Server 2008 R2 Service Pack 1', '20110815')
IF NOT EXISTS(SELECT TOP (1) 1 FROM dbo.App_SQLServerVersion WHERE [VersionNumber] = N'10.50.2776')
INSERT INTO dbo.App_SQLServerVersion([VersionNumber],[Name],[ReleaseDate])VALUES (N'10.50.2776', N'2606883 FIX: Slow performance when an AFTER trigger runs on a partitioned table in SQL Server 2008 R2', '20111018')
IF NOT EXISTS(SELECT TOP (1) 1 FROM dbo.App_SQLServerVersion WHERE [VersionNumber] = N'10.50.2789')
INSERT INTO dbo.App_SQLServerVersion([VersionNumber],[Name],[ReleaseDate])VALUES (N'10.50.2789', N'2591748 Cumulative update package 3 (CU3) for SQL Server 2008 R2 Service Pack 1', '20111017')
IF NOT EXISTS(SELECT TOP (1) 1 FROM dbo.App_SQLServerVersion WHERE [VersionNumber] = N'10.50.2796')
INSERT INTO dbo.App_SQLServerVersion([VersionNumber],[Name],[ReleaseDate])VALUES (N'10.50.2796', N'2633146 Cumulative update package 4 (CU4) for SQL Server 2008 R2 Service Pack 1', '20111220')
IF NOT EXISTS(SELECT TOP (1) 1 FROM dbo.App_SQLServerVersion WHERE [VersionNumber] = N'10.50.2799')
INSERT INTO dbo.App_SQLServerVersion([VersionNumber],[Name],[ReleaseDate])VALUES (N'10.50.2799', N'2633357 FIX: "Non-yielding Scheduler" error might occur when you run a query that uses the CHARINDEX function in SQL Server 2008 R2', '20120222')
IF NOT EXISTS(SELECT TOP (1) 1 FROM dbo.App_SQLServerVersion WHERE [VersionNumber] = N'10.50.2806')
INSERT INTO dbo.App_SQLServerVersion([VersionNumber],[Name],[ReleaseDate])VALUES (N'10.50.2806', N'2659694 Cumulative update package 5 (CU5) for SQL Server 2008 R2 Service Pack 1', '20120222')
IF NOT EXISTS(SELECT TOP (1) 1 FROM dbo.App_SQLServerVersion WHERE [VersionNumber] = N'10.50.2807')
INSERT INTO dbo.App_SQLServerVersion([VersionNumber],[Name],[ReleaseDate])VALUES (N'10.50.2807', N'2675522 FIX: Access violation when you run DML statements against a table that has partitioned indexes in SQL Server 2008 R2', '20120312')
IF NOT EXISTS(SELECT TOP (1) 1 FROM dbo.App_SQLServerVersion WHERE [VersionNumber] = N'10.50.2811')
INSERT INTO dbo.App_SQLServerVersion([VersionNumber],[Name],[ReleaseDate])VALUES (N'10.50.2811', N'2679367 Cumulative update package 6 (CU6) for SQL Server 2008 R2 Service Pack 1', '20120416')
IF NOT EXISTS(SELECT TOP (1) 1 FROM dbo.App_SQLServerVersion WHERE [VersionNumber] = N'10.50.2817')
INSERT INTO dbo.App_SQLServerVersion([VersionNumber],[Name],[ReleaseDate])VALUES (N'10.50.2817', N'2703282 Cumulative update package 7 (CU7) for SQL Server 2008 R2 Service Pack 1', '20120618')
IF NOT EXISTS(SELECT TOP (1) 1 FROM dbo.App_SQLServerVersion WHERE [VersionNumber] = N'10.50.2822')
INSERT INTO dbo.App_SQLServerVersion([VersionNumber],[Name],[ReleaseDate])VALUES (N'10.50.2822', N'2723743 Cumulative update package 8 (CU8) for SQL Server 2008 R2 Service Pack 1', '20120829')
IF NOT EXISTS(SELECT TOP (1) 1 FROM dbo.App_SQLServerVersion WHERE [VersionNumber] = N'10.50.2861')
INSERT INTO dbo.App_SQLServerVersion([VersionNumber],[Name],[ReleaseDate])VALUES (N'10.50.2861', N'2716439 MS12-070: Description of the security update for SQL Server 2008 R2 Service Pack 1 QFE: October 9, 2012
 Microsoft Security Bulletin MS12-070', '20121009')
IF NOT EXISTS(SELECT TOP (1) 1 FROM dbo.App_SQLServerVersion WHERE [VersionNumber] = N'10.50.2866')
INSERT INTO dbo.App_SQLServerVersion([VersionNumber],[Name],[ReleaseDate])VALUES (N'10.50.2866', N'2756574 Cumulative update package 9 (CU9) for SQL Server 2008 R2 Service Pack 1', '20121106')
IF NOT EXISTS(SELECT TOP (1) 1 FROM dbo.App_SQLServerVersion WHERE [VersionNumber] = N'10.50.2868')
INSERT INTO dbo.App_SQLServerVersion([VersionNumber],[Name],[ReleaseDate])VALUES (N'10.50.2868', N'2783135 Cumulative update package 10 (CU10) for SQL Server 2008 R2 Service Pack 1', '20121217')
IF NOT EXISTS(SELECT TOP (1) 1 FROM dbo.App_SQLServerVersion WHERE [VersionNumber] = N'10.50.2869')
INSERT INTO dbo.App_SQLServerVersion([VersionNumber],[Name],[ReleaseDate])VALUES (N'10.50.2869', N'2812683 Cumulative update package 11 (CU11) for SQL Server 2008 R2 Service Pack 1', '20130218')
IF NOT EXISTS(SELECT TOP (1) 1 FROM dbo.App_SQLServerVersion WHERE [VersionNumber] = N'10.50.2874')
INSERT INTO dbo.App_SQLServerVersion([VersionNumber],[Name],[ReleaseDate])VALUES (N'10.50.2874', N'2828727 Cumulative update package 12 (CU12) for SQL Server 2008 R2 Service Pack 1 (replaced)', '20130415')
IF NOT EXISTS(SELECT TOP (1) 1 FROM dbo.App_SQLServerVersion WHERE [VersionNumber] = N'10.50.2875')
INSERT INTO dbo.App_SQLServerVersion([VersionNumber],[Name],[ReleaseDate])VALUES (N'10.50.2875', N'2828727 Cumulative update package 12 (CU12) for SQL Server 2008 R2 Service Pack 1 (updated)', '20130613')
IF NOT EXISTS(SELECT TOP (1) 1 FROM dbo.App_SQLServerVersion WHERE [VersionNumber] = N'10.50.2876')
INSERT INTO dbo.App_SQLServerVersion([VersionNumber],[Name],[ReleaseDate])VALUES (N'10.50.2876', N'2855792 Cumulative update package 13 (CU13) for SQL Server 2008 R2 Service Pack 1', '20130617')
IF NOT EXISTS(SELECT TOP (1) 1 FROM dbo.App_SQLServerVersion WHERE [VersionNumber] = N'10.50.2881')
INSERT INTO dbo.App_SQLServerVersion([VersionNumber],[Name],[ReleaseDate])VALUES (N'10.50.2881', N'2868244 An on-demand hotfix update package for SQL Server 2008 R2 Service Pack 1', '20130812')
IF NOT EXISTS(SELECT TOP (1) 1 FROM dbo.App_SQLServerVersion WHERE [VersionNumber] = N'10.50.3720')
INSERT INTO dbo.App_SQLServerVersion([VersionNumber],[Name],[ReleaseDate])VALUES (N'10.50.3720', N'SQL Server 2008 R2 Service Pack 2 Community Technology Preview (CTP)', '20120513')
IF NOT EXISTS(SELECT TOP (1) 1 FROM dbo.App_SQLServerVersion WHERE [VersionNumber] = N'10.50.4000')
INSERT INTO dbo.App_SQLServerVersion([VersionNumber],[Name],[ReleaseDate])VALUES (N'10.50.4000', N'SQL Server 2008 R2 Service Pack 2 (SP2)', '20120726')
IF NOT EXISTS(SELECT TOP (1) 1 FROM dbo.App_SQLServerVersion WHERE [VersionNumber] = N'10.50.4260')
INSERT INTO dbo.App_SQLServerVersion([VersionNumber],[Name],[ReleaseDate])VALUES (N'10.50.4260', N'2720425 Cumulative update package 1 (CU1) for SQL Server 2008 R2 Service Pack 2', '20120801')
IF NOT EXISTS(SELECT TOP (1) 1 FROM dbo.App_SQLServerVersion WHERE [VersionNumber] = N'10.50.4263')
INSERT INTO dbo.App_SQLServerVersion([VersionNumber],[Name],[ReleaseDate])VALUES (N'10.50.4263', N'2740411 Cumulative update package 2 (CU2) for SQL Server 2008 R2 Service Pack 2', '20120829')
IF NOT EXISTS(SELECT TOP (1) 1 FROM dbo.App_SQLServerVersion WHERE [VersionNumber] = N'10.50.4266')
INSERT INTO dbo.App_SQLServerVersion([VersionNumber],[Name],[ReleaseDate])VALUES (N'10.50.4266', N'2754552 Cumulative update package 3 (CU3) for SQL Server 2008 R2 Service Pack 2', '20121015')
IF NOT EXISTS(SELECT TOP (1) 1 FROM dbo.App_SQLServerVersion WHERE [VersionNumber] = N'10.50.4270')
INSERT INTO dbo.App_SQLServerVersion([VersionNumber],[Name],[ReleaseDate])VALUES (N'10.50.4270', N'2777358 Cumulative update package 4 (CU4) for SQL Server 2008 R2 Service Pack 2', '20121217')
IF NOT EXISTS(SELECT TOP (1) 1 FROM dbo.App_SQLServerVersion WHERE [VersionNumber] = N'10.50.4276')
INSERT INTO dbo.App_SQLServerVersion([VersionNumber],[Name],[ReleaseDate])VALUES (N'10.50.4276', N'2797460 Cumulative update package 5 (CU5) for SQL Server 2008 R2 Service Pack 2', '20130218')
IF NOT EXISTS(SELECT TOP (1) 1 FROM dbo.App_SQLServerVersion WHERE [VersionNumber] = N'10.50.4279')
INSERT INTO dbo.App_SQLServerVersion([VersionNumber],[Name],[ReleaseDate])VALUES (N'10.50.4279', N'2830140 Cumulative update package 6 (CU6) for SQL Server 2008 R2 Service Pack 2 (replaced)', '20130415')
IF NOT EXISTS(SELECT TOP (1) 1 FROM dbo.App_SQLServerVersion WHERE [VersionNumber] = N'10.50.4285')
INSERT INTO dbo.App_SQLServerVersion([VersionNumber],[Name],[ReleaseDate])VALUES (N'10.50.4285', N'2830140 Cumulative update package 6 (CU6) for SQL Server 2008 R2 Service Pack 2 (updated)', '20130613')
IF NOT EXISTS(SELECT TOP (1) 1 FROM dbo.App_SQLServerVersion WHERE [VersionNumber] = N'10.50.4286')
INSERT INTO dbo.App_SQLServerVersion([VersionNumber],[Name],[ReleaseDate])VALUES (N'10.50.4286', N'2844090 Cumulative update package 7 (CU7) for SQL Server 2008 R2 Service Pack 2', '20130617')
IF NOT EXISTS(SELECT TOP (1) 1 FROM dbo.App_SQLServerVersion WHERE [VersionNumber] = N'10.50.4290')
INSERT INTO dbo.App_SQLServerVersion([VersionNumber],[Name],[ReleaseDate])VALUES (N'10.50.4290', N'2871401 Cumulative update package 8 (CU8) for SQL Server 2008 R2 Service Pack 2', '20130830')
IF NOT EXISTS(SELECT TOP (1) 1 FROM dbo.App_SQLServerVersion WHERE [VersionNumber] = N'10.50.4295')
INSERT INTO dbo.App_SQLServerVersion([VersionNumber],[Name],[ReleaseDate])VALUES (N'10.50.4295', N'2887606 Cumulative update package 9 (CU9) for SQL Server 2008 R2 Service Pack 2', '20131029')
IF NOT EXISTS(SELECT TOP (1) 1 FROM dbo.App_SQLServerVersion WHERE [VersionNumber] = N'10.50.4297')
INSERT INTO dbo.App_SQLServerVersion([VersionNumber],[Name],[ReleaseDate])VALUES (N'10.50.4297', N'2908087 Cumulative update package 10 (CU10) for SQL Server 2008 R2 Service Pack 2', '20131216')
IF NOT EXISTS(SELECT TOP (1) 1 FROM dbo.App_SQLServerVersion WHERE [VersionNumber] = N'10.50.4302')
INSERT INTO dbo.App_SQLServerVersion([VersionNumber],[Name],[ReleaseDate])VALUES (N'10.50.4302', N'2926028 Cumulative update package 11 (CU11) for SQL Server 2008 R2 Service Pack 2', '20140218')
IF NOT EXISTS(SELECT TOP (1) 1 FROM dbo.App_SQLServerVersion WHERE [VersionNumber] = N'10.50.4305')
INSERT INTO dbo.App_SQLServerVersion([VersionNumber],[Name],[ReleaseDate])VALUES (N'10.50.4305', N'2938478 Cumulative update package 12 (CU12) for SQL Server 2008 R2 Service Pack 2', '20140421')
IF NOT EXISTS(SELECT TOP (1) 1 FROM dbo.App_SQLServerVersion WHERE [VersionNumber] = N'10.50.4319')
INSERT INTO dbo.App_SQLServerVersion([VersionNumber],[Name],[ReleaseDate])VALUES (N'10.50.4319', N'2967540 Cumulative update package 13 (CU13) for SQL Server 2008 R2 Service Pack 2', '20140630')
IF NOT EXISTS(SELECT TOP (1) 1 FROM dbo.App_SQLServerVersion WHERE [VersionNumber] = N'11.00.1103')
INSERT INTO dbo.App_SQLServerVersion([VersionNumber],[Name],[ReleaseDate])VALUES (N'11.00.1103', N'Microsoft SQL Server 2012 (codename Denali) Community Technology Preview 1 (CTP1)', '20101108')
IF NOT EXISTS(SELECT TOP (1) 1 FROM dbo.App_SQLServerVersion WHERE [VersionNumber] = N'11.00.1440')
INSERT INTO dbo.App_SQLServerVersion([VersionNumber],[Name],[ReleaseDate])VALUES (N'11.00.1440', N'Microsoft SQL Server 2012 (codename Denali) Community Technology Preview 3 (CTP3)', '20110711')
IF NOT EXISTS(SELECT TOP (1) 1 FROM dbo.App_SQLServerVersion WHERE [VersionNumber] = N'11.00.1750')
INSERT INTO dbo.App_SQLServerVersion([VersionNumber],[Name],[ReleaseDate])VALUES (N'11.00.1750', N'Microsoft SQL Server 2012 Release Candidate 0 (RC0)', '20111117')
IF NOT EXISTS(SELECT TOP (1) 1 FROM dbo.App_SQLServerVersion WHERE [VersionNumber] = N'11.00.1913')
INSERT INTO dbo.App_SQLServerVersion([VersionNumber],[Name],[ReleaseDate])VALUES (N'11.00.1913', N'Microsoft SQL Server 2012 Release Candidate 1 (RC1)', '20111216')
IF NOT EXISTS(SELECT TOP (1) 1 FROM dbo.App_SQLServerVersion WHERE [VersionNumber] = N'11.00.2100')
INSERT INTO dbo.App_SQLServerVersion([VersionNumber],[Name],[ReleaseDate])VALUES (N'11.00.2100', N'SQL Server 2012 RTM', '20120306')
IF NOT EXISTS(SELECT TOP (1) 1 FROM dbo.App_SQLServerVersion WHERE [VersionNumber] = N'11.00.2214')
INSERT INTO dbo.App_SQLServerVersion([VersionNumber],[Name],[ReleaseDate])VALUES (N'11.00.2214', N'2685308 FIX: SSAS uses only 20 cores in SQL Server 2012 Business Intelligence', '20120406')
IF NOT EXISTS(SELECT TOP (1) 1 FROM dbo.App_SQLServerVersion WHERE [VersionNumber] = N'11.00.2218')
INSERT INTO dbo.App_SQLServerVersion([VersionNumber],[Name],[ReleaseDate])VALUES (N'11.00.2218', N'Microsoft Security Bulletin MS12-070', '20121009')
IF NOT EXISTS(SELECT TOP (1) 1 FROM dbo.App_SQLServerVersion WHERE [VersionNumber] = N'11.00.2316')
INSERT INTO dbo.App_SQLServerVersion([VersionNumber],[Name],[ReleaseDate])VALUES (N'11.00.2316', N'2679368 Cumulative update package 1 (CU1) for SQL Server 2012', '20120412')
IF NOT EXISTS(SELECT TOP (1) 1 FROM dbo.App_SQLServerVersion WHERE [VersionNumber] = N'11.00.2325')
INSERT INTO dbo.App_SQLServerVersion([VersionNumber],[Name],[ReleaseDate])VALUES (N'11.00.2325', N'2703275 Cumulative update package 2 (CU2) for SQL Server 2012', '20120618')
IF NOT EXISTS(SELECT TOP (1) 1 FROM dbo.App_SQLServerVersion WHERE [VersionNumber] = N'11.00.2332')
INSERT INTO dbo.App_SQLServerVersion([VersionNumber],[Name],[ReleaseDate])VALUES (N'11.00.2332', N'2723749 Cumulative update package 3 (CU3) for SQL Server 2012', '20120829')
IF NOT EXISTS(SELECT TOP (1) 1 FROM dbo.App_SQLServerVersion WHERE [VersionNumber] = N'11.00.2376')
INSERT INTO dbo.App_SQLServerVersion([VersionNumber],[Name],[ReleaseDate])VALUES (N'11.00.2376', N'Microsoft Security Bulletin MS12-070', '20121009')
IF NOT EXISTS(SELECT TOP (1) 1 FROM dbo.App_SQLServerVersion WHERE [VersionNumber] = N'11.00.2383')
INSERT INTO dbo.App_SQLServerVersion([VersionNumber],[Name],[ReleaseDate])VALUES (N'11.00.2383', N'2758687 Cumulative update package 4 (CU4) for SQL Server 2012', '20121018')
IF NOT EXISTS(SELECT TOP (1) 1 FROM dbo.App_SQLServerVersion WHERE [VersionNumber] = N'11.00.2395')
INSERT INTO dbo.App_SQLServerVersion([VersionNumber],[Name],[ReleaseDate])VALUES (N'11.00.2395', N'2777772 Cumulative update package 5 (CU5) for SQL Server 2012', '20121218')
IF NOT EXISTS(SELECT TOP (1) 1 FROM dbo.App_SQLServerVersion WHERE [VersionNumber] = N'11.00.2401')
INSERT INTO dbo.App_SQLServerVersion([VersionNumber],[Name],[ReleaseDate])VALUES (N'11.00.2401', N'2728897 Cumulative update package 6 (CU6) for SQL Server 2012', '20130218')
IF NOT EXISTS(SELECT TOP (1) 1 FROM dbo.App_SQLServerVersion WHERE [VersionNumber] = N'11.00.2405')
INSERT INTO dbo.App_SQLServerVersion([VersionNumber],[Name],[ReleaseDate])VALUES (N'11.00.2405', N'2823247 Cumulative update package 7 (CU7) for SQL Server 2012', '20130415')
IF NOT EXISTS(SELECT TOP (1) 1 FROM dbo.App_SQLServerVersion WHERE [VersionNumber] = N'11.00.2410')
INSERT INTO dbo.App_SQLServerVersion([VersionNumber],[Name],[ReleaseDate])VALUES (N'11.00.2410', N'2844205 Cumulative update package 8 (CU8) for SQL Server 2012', '20130618')
IF NOT EXISTS(SELECT TOP (1) 1 FROM dbo.App_SQLServerVersion WHERE [VersionNumber] = N'11.00.2419')
INSERT INTO dbo.App_SQLServerVersion([VersionNumber],[Name],[ReleaseDate])VALUES (N'11.00.2419', N'2867319 Cumulative update package 9 (CU9) for SQL Server 2012', '20130821')
IF NOT EXISTS(SELECT TOP (1) 1 FROM dbo.App_SQLServerVersion WHERE [VersionNumber] = N'11.00.2420')
INSERT INTO dbo.App_SQLServerVersion([VersionNumber],[Name],[ReleaseDate])VALUES (N'11.00.2420', N'2891666 Cumulative update package 10 (CU10) for SQL Server 2012', '20131021')
IF NOT EXISTS(SELECT TOP (1) 1 FROM dbo.App_SQLServerVersion WHERE [VersionNumber] = N'11.00.2424')
INSERT INTO dbo.App_SQLServerVersion([VersionNumber],[Name],[ReleaseDate])VALUES (N'11.00.2424', N'2908007 Cumulative update package 11 (CU11) for SQL Server 2012', '20131217')
IF NOT EXISTS(SELECT TOP (1) 1 FROM dbo.App_SQLServerVersion WHERE [VersionNumber] = N'11.00.2809')
INSERT INTO dbo.App_SQLServerVersion([VersionNumber],[Name],[ReleaseDate])VALUES (N'11.00.2809', N'SQL Server 2012 Service Pack 1 Customer Technology Preview 3 (CTP3)', '20120705')
IF NOT EXISTS(SELECT TOP (1) 1 FROM dbo.App_SQLServerVersion WHERE [VersionNumber] = N'11.00.2845')
INSERT INTO dbo.App_SQLServerVersion([VersionNumber],[Name],[ReleaseDate])VALUES (N'11.00.2845', N'SQL Server 2012 Service Pack 1 Customer Technology Preview 4 (CTP4)', '20120920')
IF NOT EXISTS(SELECT TOP (1) 1 FROM dbo.App_SQLServerVersion WHERE [VersionNumber] = N'11.00.3000')
INSERT INTO dbo.App_SQLServerVersion([VersionNumber],[Name],[ReleaseDate])VALUES (N'11.00.3000', N'SQL Server 2012 Service Pack 1 (SP1)', '20121106')
IF NOT EXISTS(SELECT TOP (1) 1 FROM dbo.App_SQLServerVersion WHERE [VersionNumber] = N'11.00.3128')
INSERT INTO dbo.App_SQLServerVersion([VersionNumber],[Name],[ReleaseDate])VALUES (N'11.00.3128', N'2793634 Windows Installer starts repeatedly after you install SQL Server 2012 SP1', '20130103')
IF NOT EXISTS(SELECT TOP (1) 1 FROM dbo.App_SQLServerVersion WHERE [VersionNumber] = N'11.00.3321')
INSERT INTO dbo.App_SQLServerVersion([VersionNumber],[Name],[ReleaseDate])VALUES (N'11.00.3321', N'2765331 Cumulative update package 1 (CU1) for SQL Server 2012 Service Pack 1', '20121120')
IF NOT EXISTS(SELECT TOP (1) 1 FROM dbo.App_SQLServerVersion WHERE [VersionNumber] = N'11.00.3335')
INSERT INTO dbo.App_SQLServerVersion([VersionNumber],[Name],[ReleaseDate])VALUES (N'11.00.3335', N'2800050 FIX: Component installation process fails after you install SQL Server 2012 SP1', '20130114')
IF NOT EXISTS(SELECT TOP (1) 1 FROM dbo.App_SQLServerVersion WHERE [VersionNumber] = N'11.00.3339')
INSERT INTO dbo.App_SQLServerVersion([VersionNumber],[Name],[ReleaseDate])VALUES (N'11.00.3339', N'2790947 Cumulative update package 2 (CU2) for SQL Server 2012 Service Pack 1', '20130125')
IF NOT EXISTS(SELECT TOP (1) 1 FROM dbo.App_SQLServerVersion WHERE [VersionNumber] = N'11.00.3349')
INSERT INTO dbo.App_SQLServerVersion([VersionNumber],[Name],[ReleaseDate])VALUES (N'11.00.3349', N'2812412 Cumulative update package 3 (CU3) for SQL Server 2012 Service Pack 1', '20130318')
IF NOT EXISTS(SELECT TOP (1) 1 FROM dbo.App_SQLServerVersion WHERE [VersionNumber] = N'11.00.3350')
INSERT INTO dbo.App_SQLServerVersion([VersionNumber],[Name],[ReleaseDate])VALUES (N'11.00.3350', N'2832017 FIX: You can’t create or open SSIS projects or maintenance plans after you apply Cumulative Update 3 for SQL Server 2012 SP1', '20130417')
IF NOT EXISTS(SELECT TOP (1) 1 FROM dbo.App_SQLServerVersion WHERE [VersionNumber] = N'11.00.3368')
INSERT INTO dbo.App_SQLServerVersion([VersionNumber],[Name],[ReleaseDate])VALUES (N'11.00.3368', N'2833645 Cumulative update package 4 (CU4) for SQL Server 2012 Service Pack 1', '20130531')
IF NOT EXISTS(SELECT TOP (1) 1 FROM dbo.App_SQLServerVersion WHERE [VersionNumber] = N'11.00.3373')
INSERT INTO dbo.App_SQLServerVersion([VersionNumber],[Name],[ReleaseDate])VALUES (N'11.00.3373', N'2861107 Cumulative update package 5 (CU5) for SQL Server 2012 Service Pack 1', '20130716')
IF NOT EXISTS(SELECT TOP (1) 1 FROM dbo.App_SQLServerVersion WHERE [VersionNumber] = N'11.00.3381')
INSERT INTO dbo.App_SQLServerVersion([VersionNumber],[Name],[ReleaseDate])VALUES (N'11.00.3381', N'2874879 Cumulative update package 6 (CU6) for SQL Server 2012 Service Pack 1', '20130916')
IF NOT EXISTS(SELECT TOP (1) 1 FROM dbo.App_SQLServerVersion WHERE [VersionNumber] = N'11.00.3393')
INSERT INTO dbo.App_SQLServerVersion([VersionNumber],[Name],[ReleaseDate])VALUES (N'11.00.3393', N'2894115 Cumulative update package 7 (CU7) for SQL Server 2012 Service Pack 1', '20131118')
IF NOT EXISTS(SELECT TOP (1) 1 FROM dbo.App_SQLServerVersion WHERE [VersionNumber] = N'11.00.3401')
INSERT INTO dbo.App_SQLServerVersion([VersionNumber],[Name],[ReleaseDate])VALUES (N'11.00.3401', N'2917531 Cumulative update package 8 (CU8) for SQL Server 2012 Service Pack 1', '20140120')
IF NOT EXISTS(SELECT TOP (1) 1 FROM dbo.App_SQLServerVersion WHERE [VersionNumber] = N'11.00.3412')
INSERT INTO dbo.App_SQLServerVersion([VersionNumber],[Name],[ReleaseDate])VALUES (N'11.00.3412', N'2931078 Cumulative update package 9 (CU9) for SQL Server 2012 Service Pack 1', '20140318')
IF NOT EXISTS(SELECT TOP (1) 1 FROM dbo.App_SQLServerVersion WHERE [VersionNumber] = N'11.00.3431')
INSERT INTO dbo.App_SQLServerVersion([VersionNumber],[Name],[ReleaseDate])VALUES (N'11.00.3431', N'2954099 Cumulative update package 10 (CU10) for SQL Server 2012 Service Pack 1', '20140519')
IF NOT EXISTS(SELECT TOP (1) 1 FROM dbo.App_SQLServerVersion WHERE [VersionNumber] = N'11.00.3437')
INSERT INTO dbo.App_SQLServerVersion([VersionNumber],[Name],[ReleaseDate])VALUES (N'11.00.3437', N'2969896 FIX: Data loss in clustered index occurs when you run online build index in SQL Server 2012 (Hotfix for SQL2012 SP1)', '20140610')
IF NOT EXISTS(SELECT TOP (1) 1 FROM dbo.App_SQLServerVersion WHERE [VersionNumber] = N'11.00.5058')
INSERT INTO dbo.App_SQLServerVersion([VersionNumber],[Name],[ReleaseDate])VALUES (N'11.00.5058', N'SQL Server 2012 Service Pack 2 (SP2)', '20140610')
IF NOT EXISTS(SELECT TOP (1) 1 FROM dbo.App_SQLServerVersion WHERE [VersionNumber] = N'11.00.5522')
INSERT INTO dbo.App_SQLServerVersion([VersionNumber],[Name],[ReleaseDate])VALUES (N'11.00.5522', N'2969896 FIX: Data loss in clustered index occurs when you run online build index in SQL Server 2012 (Hotfix for SQL2012 SP2)', '20140620')
IF NOT EXISTS(SELECT TOP (1) 1 FROM dbo.App_SQLServerVersion WHERE [VersionNumber] = N'11.00.9000')
INSERT INTO dbo.App_SQLServerVersion([VersionNumber],[Name],[ReleaseDate])VALUES (N'11.00.9000', N'Microsoft SQL Server 2012 With Power View For Multidimensional Models Customer Technology Preview (CTP3)', '20121127')
IF NOT EXISTS(SELECT TOP (1) 1 FROM dbo.App_SQLServerVersion WHERE [VersionNumber] = N'11.00.9120')
INSERT INTO dbo.App_SQLServerVersion([VersionNumber],[Name],[ReleaseDate])VALUES (N'11.00.9120', N'Microsoft SQL Server 2014 Community Technology Preview 1 (CTP1)', '20130625')
IF NOT EXISTS(SELECT TOP (1) 1 FROM dbo.App_SQLServerVersion WHERE [VersionNumber] = N'12.00.1524')
INSERT INTO dbo.App_SQLServerVersion([VersionNumber],[Name],[ReleaseDate])VALUES (N'12.00.1524', N'Microsoft SQL Server 2014 Community Technology Preview 2 (CTP2)', '20131015')
IF NOT EXISTS(SELECT TOP (1) 1 FROM dbo.App_SQLServerVersion WHERE [VersionNumber] = N'12.00.2000')
INSERT INTO dbo.App_SQLServerVersion([VersionNumber],[Name],[ReleaseDate])VALUES (N'12.00.2000', N'SQL Server 2014 RTM', '20140401')
IF NOT EXISTS(SELECT TOP (1) 1 FROM dbo.App_SQLServerVersion WHERE [VersionNumber] = N'12.00.2342')
INSERT INTO dbo.App_SQLServerVersion([VersionNumber],[Name],[ReleaseDate])VALUES (N'12.00.2342', N'2931693 Cumulative update package 1 (CU1) for SQL Server 2014', '20140421')
IF NOT EXISTS(SELECT TOP (1) 1 FROM dbo.App_SQLServerVersion WHERE [VersionNumber] = N'12.00.2370')
INSERT INTO dbo.App_SQLServerVersion([VersionNumber],[Name],[ReleaseDate])VALUES (N'12.00.2370', N'2967546 Cumulative update package 2 (CU2) for SQL Server 2014', '20140627')


IF NOT EXISTS(SELECT TOP (1) 1 FROM dbo.App_Error WHERE [ID] = 1)
INSERT INTO dbo.App_Error([ID],[Name],[Massege],[IsActive],[URL_Reference],[IsCheckOnProcName],[SubjectGroupID],[DBVersionID],[SeverityID])VALUES (1, N'(NOLOCK) Inhibits', N'Avoid use of (NOLOCK) Inhibits', 0, NULL, 0, 5, 10, 3)
IF NOT EXISTS(SELECT TOP (1) 1 FROM dbo.App_Error WHERE [ID] = 2)
INSERT INTO dbo.App_Error([ID],[Name],[Massege],[IsActive],[URL_Reference],[IsCheckOnProcName],[SubjectGroupID],[DBVersionID],[SeverityID])VALUES (2, N'SELECT *', N'Avoid use of "Select *"', 1, N'http://msdn.microsoft.com/en-us/library/dd193296.aspx', 0, 5, 10, 4)
IF NOT EXISTS(SELECT TOP (1) 1 FROM dbo.App_Error WHERE [ID] = 3)
INSERT INTO dbo.App_Error([ID],[Name],[Massege],[IsActive],[URL_Reference],[IsCheckOnProcName],[SubjectGroupID],[DBVersionID],[SeverityID])VALUES (3, N'(INDEX) Inhibits', N'Avoid use of (INDEX) Inhibits', 1, N'http://www.mssqltips.com/sqlservertip/3172/avoid-using-nolock-on-sql-server-update-and-delete-statements/', 0, 5, 11, 4)
IF NOT EXISTS(SELECT TOP (1) 1 FROM dbo.App_Error WHERE [ID] = 4)
INSERT INTO dbo.App_Error([ID],[Name],[Massege],[IsActive],[URL_Reference],[IsCheckOnProcName],[SubjectGroupID],[DBVersionID],[SeverityID])VALUES (4, N'Procedure name start with "usp_"', N'Procedure name must start with "usp_"', 1, NULL, 1, 5, 10, 3)
IF NOT EXISTS(SELECT TOP (1) 1 FROM dbo.App_Error WHERE [ID] = 5)
INSERT INTO dbo.App_Error([ID],[Name],[Massege],[IsActive],[URL_Reference],[IsCheckOnProcName],[SubjectGroupID],[DBVersionID],[SeverityID])VALUES (5, N'@@Identity', N'Procedures using @@Identity instead of Scope_Identity()', 0, N'http://msdn.microsoft.com/en-us/library/dd172121.aspx', 0, 5, 11, 3)
IF NOT EXISTS(SELECT TOP (1) 1 FROM dbo.App_Error WHERE [ID] = 6)
INSERT INTO dbo.App_Error([ID],[Name],[Massege],[IsActive],[URL_Reference],[IsCheckOnProcName],[SubjectGroupID],[DBVersionID],[SeverityID])VALUES (6, N'SET ROWCOUNT', N'Deprecated Code in SQL Server 2012:: Procedures with SET ROWCOUNT', 1, NULL, 0, 4, 11, 3)
IF NOT EXISTS(SELECT TOP (1) 1 FROM dbo.App_Error WHERE [ID] = 7)
INSERT INTO dbo.App_Error([ID],[Name],[Massege],[IsActive],[URL_Reference],[IsCheckOnProcName],[SubjectGroupID],[DBVersionID],[SeverityID])VALUES (7, N'SET NOCOUNT', N'Procedures without SET NOCOUNT ON', 1, N'http://technet.microsoft.com/en-us/library/ms189837.aspx', 0, 5, 11, 3)
IF NOT EXISTS(SELECT TOP (1) 1 FROM dbo.App_Error WHERE [ID] = 8)
INSERT INTO dbo.App_Error([ID],[Name],[Massege],[IsActive],[URL_Reference],[IsCheckOnProcName],[SubjectGroupID],[DBVersionID],[SeverityID])VALUES (8, N'JOIN CROSS', N'CROSS Procedures', 0, NULL, 0, 5, 11, 3)
IF NOT EXISTS(SELECT TOP (1) 1 FROM dbo.App_Error WHERE [ID] = 9)
INSERT INTO dbo.App_Error([ID],[Name],[Massege],[IsActive],[URL_Reference],[IsCheckOnProcName],[SubjectGroupID],[DBVersionID],[SeverityID])VALUES (9, N'Deprecated Code', N'Deprecated CodePossible unnecessary mark /* or */ ', 1, NULL, 0, 5, 11, 3)
IF NOT EXISTS(SELECT TOP (1) 1 FROM dbo.App_Error WHERE [ID] = 10)
INSERT INTO dbo.App_Error([ID],[Name],[Massege],[IsActive],[URL_Reference],[IsCheckOnProcName],[SubjectGroupID],[DBVersionID],[SeverityID])VALUES (10, N'Deprecated Code', N'Replace remote servers by using linked servers.', 1, N'http://msdn.microsoft.com/en-us/library/ms143729(v=sql.100).aspx', 0, 3, 10, 3)
IF NOT EXISTS(SELECT TOP (1) 1 FROM dbo.App_Error WHERE [ID] = 11)
INSERT INTO dbo.App_Error([ID],[Name],[Massege],[IsActive],[URL_Reference],[IsCheckOnProcName],[SubjectGroupID],[DBVersionID],[SeverityID])VALUES (11, N'Deprecated Code', N'Deprecated Code in SQL Server 2012:: timestamp INSTED OF rowversion ', 1, N'http://technet.microsoft.com/en-us/library/ms143729.aspx', 0, 4, 11, 4)
IF NOT EXISTS(SELECT TOP (1) 1 FROM dbo.App_Error WHERE [ID] = 12)
INSERT INTO dbo.App_Error([ID],[Name],[Massege],[IsActive],[URL_Reference],[IsCheckOnProcName],[SubjectGroupID],[DBVersionID],[SeverityID])VALUES (12, N'Deprecated Code', N'Deprecated Code in SQL Server 2012:: GROUP BY ALL', 1, N'http://technet.microsoft.com/en-us/library/ms143729.aspx', 0, 4, 11, 3)
IF NOT EXISTS(SELECT TOP (1) 1 FROM dbo.App_Error WHERE [ID] = 13)
INSERT INTO dbo.App_Error([ID],[Name],[Massege],[IsActive],[URL_Reference],[IsCheckOnProcName],[SubjectGroupID],[DBVersionID],[SeverityID])VALUES (13, N'Deprecated Code', N'Deprecated Code in SQL Server 2012:: Specifying table hints without using the WITH keyword.', 1, N'http://technet.microsoft.com/en-us/library/ms143729.aspx', 0, 4, 11, 3)
IF NOT EXISTS(SELECT TOP (1) 1 FROM dbo.App_Error WHERE [ID] = 14)
INSERT INTO dbo.App_Error([ID],[Name],[Massege],[IsActive],[URL_Reference],[IsCheckOnProcName],[SubjectGroupID],[DBVersionID],[SeverityID])VALUES (14, N'Deprecated Code', N'Deprecated Code in SQL Server 2012:: Use of a space as a separator between table hints.', 1, N'http://technet.microsoft.com/en-us/library/ms143729.aspx', 0, 4, 11, 3)
IF NOT EXISTS(SELECT TOP (1) 1 FROM dbo.App_Error WHERE [ID] = 15)
INSERT INTO dbo.App_Error([ID],[Name],[Massege],[IsActive],[URL_Reference],[IsCheckOnProcName],[SubjectGroupID],[DBVersionID],[SeverityID])VALUES (15, N'Deprecated Code', N'''#'' and ''##'' as the name of temporary tables and stored procedures', 1, N'http://technet.microsoft.com/en-us/library/ms143729.aspx', 0, 4, 11, 3)
IF NOT EXISTS(SELECT TOP (1) 1 FROM dbo.App_Error WHERE [ID] = 16)
INSERT INTO dbo.App_Error([ID],[Name],[Massege],[IsActive],[URL_Reference],[IsCheckOnProcName],[SubjectGroupID],[DBVersionID],[SeverityID])VALUES (16, N'Deprecated Code', N'''@'' and names that start with ''@@'' as Transact-SQL identifiers', 1, N'http://technet.microsoft.com/en-us/library/ms143729.aspx', 0, 4, 11, 3)
IF NOT EXISTS(SELECT TOP (1) 1 FROM dbo.App_Error WHERE [ID] = 17)
INSERT INTO dbo.App_Error([ID],[Name],[Massege],[IsActive],[URL_Reference],[IsCheckOnProcName],[SubjectGroupID],[DBVersionID],[SeverityID])VALUES (17, N'Deprecated Code', N'The sp_addapprole procedure was encountered. Use CREATE APPLICATION ROLE instead. Occurs once per query.', 1, N'http://msdn.microsoft.com/en-us/library/ms143729(v=sql.100).aspx', 0, 3, 10, 3)
IF NOT EXISTS(SELECT TOP (1) 1 FROM dbo.App_Error WHERE [ID] = 18)
INSERT INTO dbo.App_Error([ID],[Name],[Massege],[IsActive],[URL_Reference],[IsCheckOnProcName],[SubjectGroupID],[DBVersionID],[SeverityID])VALUES (18, N'Deprecated Code', N'The sp_addextendedproc procedure was encountered. Use CLR instead. Occurs once per compilation.', 1, N'http://msdn.microsoft.com/en-us/library/ms143729(v=sql.100).aspx', 0, 3, 10, 3)
IF NOT EXISTS(SELECT TOP (1) 1 FROM dbo.App_Error WHERE [ID] = 19)
INSERT INTO dbo.App_Error([ID],[Name],[Massege],[IsActive],[URL_Reference],[IsCheckOnProcName],[SubjectGroupID],[DBVersionID],[SeverityID])VALUES (19, N'Deprecated Code', N'The sp_addlogin procedure was encountered. Use CREATE LOGIN instead. Occurs once per query.', 1, N'http://msdn.microsoft.com/en-us/library/ms143729(v=sql.100).aspx', 0, 3, 10, 3)
IF NOT EXISTS(SELECT TOP (1) 1 FROM dbo.App_Error WHERE [ID] = 20)
INSERT INTO dbo.App_Error([ID],[Name],[Massege],[IsActive],[URL_Reference],[IsCheckOnProcName],[SubjectGroupID],[DBVersionID],[SeverityID])VALUES (20, N'Deprecated Code', N'The sp_addremotelogin procedure was encountered. Use linked servers instead.', 1, N'http://technet.microsoft.com/en-us/library/ms143729.aspx', 0, 3, 10, 3)
IF NOT EXISTS(SELECT TOP (1) 1 FROM dbo.App_Error WHERE [ID] = 21)
INSERT INTO dbo.App_Error([ID],[Name],[Massege],[IsActive],[URL_Reference],[IsCheckOnProcName],[SubjectGroupID],[DBVersionID],[SeverityID])VALUES (21, N'Deprecated Code', N'The sp_addrole procedure was encountered. Use CREATE ROLE instead. Occurs once per query.', 1, N'http://msdn.microsoft.com/en-us/library/ms143729(v=sql.100).aspx', 0, 3, 10, 3)
IF NOT EXISTS(SELECT TOP (1) 1 FROM dbo.App_Error WHERE [ID] = 22)
INSERT INTO dbo.App_Error([ID],[Name],[Massege],[IsActive],[URL_Reference],[IsCheckOnProcName],[SubjectGroupID],[DBVersionID],[SeverityID])VALUES (22, N'Deprecated Code', N'The sp_addserver procedure was encountered. Use linked servers instead.', 1, N'http://technet.microsoft.com/en-us/library/ms143729.aspx', 0, 3, 10, 3)
IF NOT EXISTS(SELECT TOP (1) 1 FROM dbo.App_Error WHERE [ID] = 23)
INSERT INTO dbo.App_Error([ID],[Name],[Massege],[IsActive],[URL_Reference],[IsCheckOnProcName],[SubjectGroupID],[DBVersionID],[SeverityID])VALUES (23, N'Deprecated Code', N'Replace sp_addtype by using CREATE TYPE.', 1, N'http://msdn.microsoft.com/en-us/library/ms143729(v=sql.100).aspx', 0, 3, 10, 3)
IF NOT EXISTS(SELECT TOP (1) 1 FROM dbo.App_Error WHERE [ID] = 24)
INSERT INTO dbo.App_Error([ID],[Name],[Massege],[IsActive],[URL_Reference],[IsCheckOnProcName],[SubjectGroupID],[DBVersionID],[SeverityID])VALUES (24, N'Deprecated Code', N'The sp_adduser procedure was encountered. Use CREATE USER instead. Occurs once per query.', 1, N'http://msdn.microsoft.com/en-us/library/ms143729(v=sql.100).aspx', 0, 3, 10, 3)
IF NOT EXISTS(SELECT TOP (1) 1 FROM dbo.App_Error WHERE [ID] = 25)
INSERT INTO dbo.App_Error([ID],[Name],[Massege],[IsActive],[URL_Reference],[IsCheckOnProcName],[SubjectGroupID],[DBVersionID],[SeverityID])VALUES (25, N'Deprecated Code', N'The sp_approlepassword procedure was encountered. Use ALTER APPLICATION ROLE instead. Occurs once per query.', 1, N'http://msdn.microsoft.com/en-us/library/ms143729(v=sql.100).aspx', 0, 3, 10, 3)
IF NOT EXISTS(SELECT TOP (1) 1 FROM dbo.App_Error WHERE [ID] = 26)
INSERT INTO dbo.App_Error([ID],[Name],[Massege],[IsActive],[URL_Reference],[IsCheckOnProcName],[SubjectGroupID],[DBVersionID],[SeverityID])VALUES (26, N'Deprecated Code', N'The sp_attach_db procedure was encountered. Use CREATE DATABASE FOR ATTACH instead. Occurs once per query.', 1, N'http://msdn.microsoft.com/en-us/library/ms143729(v=sql.100).aspx', 0, 3, 10, 3)
IF NOT EXISTS(SELECT TOP (1) 1 FROM dbo.App_Error WHERE [ID] = 27)
INSERT INTO dbo.App_Error([ID],[Name],[Massege],[IsActive],[URL_Reference],[IsCheckOnProcName],[SubjectGroupID],[DBVersionID],[SeverityID])VALUES (27, N'Deprecated Code', N'The sp_single_file_db procedure was encountered. Use CREATE DATABASE FOR ATTACH_REBUILD_LOG instead. Occurs once per query.', 1, N'http://msdn.microsoft.com/en-us/library/ms143729(v=sql.100).aspx', 0, 3, 10, 3)
IF NOT EXISTS(SELECT TOP (1) 1 FROM dbo.App_Error WHERE [ID] = 28)
INSERT INTO dbo.App_Error([ID],[Name],[Massege],[IsActive],[URL_Reference],[IsCheckOnProcName],[SubjectGroupID],[DBVersionID],[SeverityID])VALUES (28, N'Deprecated Code', N'The sp_bindefault procedure was encountered. Use the DEFAULT keyword of ALTER TABLE or CREATE TABLE instead. Occurs once per compilation.', 1, N'http://msdn.microsoft.com/en-us/library/ms143729(v=sql.100).aspx', 0, 3, 10, 3)
IF NOT EXISTS(SELECT TOP (1) 1 FROM dbo.App_Error WHERE [ID] = 29)
INSERT INTO dbo.App_Error([ID],[Name],[Massege],[IsActive],[URL_Reference],[IsCheckOnProcName],[SubjectGroupID],[DBVersionID],[SeverityID])VALUES (29, N'Deprecated Code', N'The sp_bindrule procedure was encountered. Use check constraints instead. Occurs once per compilation.', 1, N'http://technet.microsoft.com/en-us/library/ms143729.aspx', 0, 4, 11, 3)
IF NOT EXISTS(SELECT TOP (1) 1 FROM dbo.App_Error WHERE [ID] = 30)
INSERT INTO dbo.App_Error([ID],[Name],[Massege],[IsActive],[URL_Reference],[IsCheckOnProcName],[SubjectGroupID],[DBVersionID],[SeverityID])VALUES (30, N'Deprecated Code', N'The sp_bindsession procedure was encountered. Use Multiple Active Result Sets (MARS) or distributed transactions instead. Occurs once per compilation.', 1, N'http://msdn.microsoft.com/en-us/library/ms143729(v=sql.100).aspx', 0, 3, 10, 3)
IF NOT EXISTS(SELECT TOP (1) 1 FROM dbo.App_Error WHERE [ID] = 31)
INSERT INTO dbo.App_Error([ID],[Name],[Massege],[IsActive],[URL_Reference],[IsCheckOnProcName],[SubjectGroupID],[DBVersionID],[SeverityID])VALUES (31, N'Deprecated Code', N'The sp_certify_removable procedure was encountered. Use sp_detach_db instead. Occurs once per query.', 1, N'http://msdn.microsoft.com/en-us/library/ms143729(v=sql.100).aspx', 0, 3, 10, 3)
IF NOT EXISTS(SELECT TOP (1) 1 FROM dbo.App_Error WHERE [ID] = 32)
INSERT INTO dbo.App_Error([ID],[Name],[Massege],[IsActive],[URL_Reference],[IsCheckOnProcName],[SubjectGroupID],[DBVersionID],[SeverityID])VALUES (32, N'Deprecated Code', N'The sp_changeobjectowner procedure was encountered. Use ALTER SCHEMA or ALTER AUTHORIZATION instead. Occurs once per query.', 1, N'http://msdn.microsoft.com/en-us/library/ms143729(v=sql.100).aspx', 0, 3, 10, 3)
IF NOT EXISTS(SELECT TOP (1) 1 FROM dbo.App_Error WHERE [ID] = 33)
INSERT INTO dbo.App_Error([ID],[Name],[Massege],[IsActive],[URL_Reference],[IsCheckOnProcName],[SubjectGroupID],[DBVersionID],[SeverityID])VALUES (33, N'Deprecated Code', N'The sp_change_users_login procedure was encountered. Use ALTER USER instead. Occurs once per query.', 1, N'http://msdn.microsoft.com/en-us/library/ms143729(v=sql.100).aspx', 0, 3, 10, 3)
IF NOT EXISTS(SELECT TOP (1) 1 FROM dbo.App_Error WHERE [ID] = 34)
INSERT INTO dbo.App_Error([ID],[Name],[Massege],[IsActive],[URL_Reference],[IsCheckOnProcName],[SubjectGroupID],[DBVersionID],[SeverityID])VALUES (34, N'Deprecated Code', N'The allow updates option of sp_configure was encountered. System tables are no longer updatable. Do not use. Occurs once per query.', 1, N'http://msdn.microsoft.com/en-us/library/ms143729(v=sql.100).aspx', 0, 3, 10, 3)
IF NOT EXISTS(SELECT TOP (1) 1 FROM dbo.App_Error WHERE [ID] = 35)
INSERT INTO dbo.App_Error([ID],[Name],[Massege],[IsActive],[URL_Reference],[IsCheckOnProcName],[SubjectGroupID],[DBVersionID],[SeverityID])VALUES (35, N'Deprecated Code', N'The disallow result sets from triggers option of sp_configure was encountered. To disallow result sets from triggers, use sp_configure to set the option to 1. Occurs once per query.', 1, N'http://technet.microsoft.com/en-us/library/ms143729.aspx', 0, 4, 11, 3)
IF NOT EXISTS(SELECT TOP (1) 1 FROM dbo.App_Error WHERE [ID] = 36)
INSERT INTO dbo.App_Error([ID],[Name],[Massege],[IsActive],[URL_Reference],[IsCheckOnProcName],[SubjectGroupID],[DBVersionID],[SeverityID])VALUES (36, N'Deprecated Code', N'The ft crawl bandwidth (max) option of sp_configure was encountered. Do not use. Occurs once per query.', 1, N'http://technet.microsoft.com/en-us/library/ms143729.aspx', 0, 4, 11, 3)
IF NOT EXISTS(SELECT TOP (1) 1 FROM dbo.App_Error WHERE [ID] = 37)
INSERT INTO dbo.App_Error([ID],[Name],[Massege],[IsActive],[URL_Reference],[IsCheckOnProcName],[SubjectGroupID],[DBVersionID],[SeverityID])VALUES (37, N'Deprecated Code', N'The ft crawl bandwidth (min) option of sp_configure was encountered. Do not use. Occurs once per query.', 1, N'http://technet.microsoft.com/en-us/library/ms143729.aspx', 0, 4, 11, 3)
IF NOT EXISTS(SELECT TOP (1) 1 FROM dbo.App_Error WHERE [ID] = 38)
INSERT INTO dbo.App_Error([ID],[Name],[Massege],[IsActive],[URL_Reference],[IsCheckOnProcName],[SubjectGroupID],[DBVersionID],[SeverityID])VALUES (38, N'Deprecated Code', N'The ft notify bandwidth (max) option of sp_configure was encountered. Do not use. Occurs once per query.', 1, N'http://technet.microsoft.com/en-us/library/ms143729.aspx', 0, 4, 11, 3)
IF NOT EXISTS(SELECT TOP (1) 1 FROM dbo.App_Error WHERE [ID] = 39)
INSERT INTO dbo.App_Error([ID],[Name],[Massege],[IsActive],[URL_Reference],[IsCheckOnProcName],[SubjectGroupID],[DBVersionID],[SeverityID])VALUES (39, N'Deprecated Code', N'The ft notify bandwidth (min) option of sp_configure was encountered. Do not use. Occurs once per query.', 1, N'http://technet.microsoft.com/en-us/library/ms143729.aspx', 0, 4, 11, 3)
IF NOT EXISTS(SELECT TOP (1) 1 FROM dbo.App_Error WHERE [ID] = 40)
INSERT INTO dbo.App_Error([ID],[Name],[Massege],[IsActive],[URL_Reference],[IsCheckOnProcName],[SubjectGroupID],[DBVersionID],[SeverityID])VALUES (40, N'Deprecated Code', N'The locks option of sp_configure was encountered. Locks are no longer configurable. Do not use. Occurs once per query.', 1, N'http://msdn.microsoft.com/en-us/library/ms143729(v=sql.100).aspx', 0, 3, 10, 3)
IF NOT EXISTS(SELECT TOP (1) 1 FROM dbo.App_Error WHERE [ID] = 41)
INSERT INTO dbo.App_Error([ID],[Name],[Massege],[IsActive],[URL_Reference],[IsCheckOnProcName],[SubjectGroupID],[DBVersionID],[SeverityID])VALUES (41, N'Deprecated Code', N'The open objects option of sp_configure was encountered. The number of open objects is no longer configurable. Do not use. Occurs once per query.', 1, N'http://msdn.microsoft.com/en-us/library/ms143729(v=sql.100).aspx', 0, 3, 10, 3)
IF NOT EXISTS(SELECT TOP (1) 1 FROM dbo.App_Error WHERE [ID] = 42)
INSERT INTO dbo.App_Error([ID],[Name],[Massege],[IsActive],[URL_Reference],[IsCheckOnProcName],[SubjectGroupID],[DBVersionID],[SeverityID])VALUES (42, N'Deprecated Code', N'The priority boost option of sp_configure was encountered. Do not use. Occurs once per query. Use the Windows start /high … program.exe option instead.', 1, N'http://msdn.microsoft.com/en-us/library/ms143729(v=sql.100).aspx', 0, 3, 10, 3)
IF NOT EXISTS(SELECT TOP (1) 1 FROM dbo.App_Error WHERE [ID] = 43)
INSERT INTO dbo.App_Error([ID],[Name],[Massege],[IsActive],[URL_Reference],[IsCheckOnProcName],[SubjectGroupID],[DBVersionID],[SeverityID])VALUES (43, N'Deprecated Code', N'The remote proc trans option of sp_configure was encountered. Do not use. Occurs once per query.', 1, N'http://msdn.microsoft.com/en-us/library/ms143729(v=sql.100).aspx', 0, 3, 10, 3)
IF NOT EXISTS(SELECT TOP (1) 1 FROM dbo.App_Error WHERE [ID] = 44)
INSERT INTO dbo.App_Error([ID],[Name],[Massege],[IsActive],[URL_Reference],[IsCheckOnProcName],[SubjectGroupID],[DBVersionID],[SeverityID])VALUES (44, N'Deprecated Code', N'The set working set size option of sp_configure was encountered. The working set size is no longer configurable. Do not use. Occurs once per query.', 1, N'http://msdn.microsoft.com/en-us/library/ms143729(v=sql.100).aspx', 0, 3, 10, 3)
IF NOT EXISTS(SELECT TOP (1) 1 FROM dbo.App_Error WHERE [ID] = 45)
INSERT INTO dbo.App_Error([ID],[Name],[Massege],[IsActive],[URL_Reference],[IsCheckOnProcName],[SubjectGroupID],[DBVersionID],[SeverityID])VALUES (45, N'Deprecated Code', N'The sp_create_removable procedure was encountered. Use CREATE DATABASE instead. Occurs once per query.', 1, N'http://msdn.microsoft.com/en-us/library/ms143729(v=sql.100).aspx', 0, 3, 10, 3)
IF NOT EXISTS(SELECT TOP (1) 1 FROM dbo.App_Error WHERE [ID] = 46)
INSERT INTO dbo.App_Error([ID],[Name],[Massege],[IsActive],[URL_Reference],[IsCheckOnProcName],[SubjectGroupID],[DBVersionID],[SeverityID])VALUES (46, N'Deprecated Code', N'Use of vardecimal storage format was encountered. Use data compression instead.', 1, N'http://msdn.microsoft.com/en-us/library/ms143729(v=sql.100).aspx', 0, 3, 10, 3)
IF NOT EXISTS(SELECT TOP (1) 1 FROM dbo.App_Error WHERE [ID] = 47)
INSERT INTO dbo.App_Error([ID],[Name],[Massege],[IsActive],[URL_Reference],[IsCheckOnProcName],[SubjectGroupID],[DBVersionID],[SeverityID])VALUES (47, N'Deprecated Code', N'Replace sp_dbcmptlevel by using ALTER DATABASE … SET COMPATIBILITY_LEVEL.', 1, N'http://msdn.microsoft.com/en-us/library/ms143729(v=sql.100).aspx', 0, 3, 10, 3)
IF NOT EXISTS(SELECT TOP (1) 1 FROM dbo.App_Error WHERE [ID] = 48)
INSERT INTO dbo.App_Error([ID],[Name],[Massege],[IsActive],[URL_Reference],[IsCheckOnProcName],[SubjectGroupID],[DBVersionID],[SeverityID])VALUES (48, N'Deprecated Code', N'The sp_dbfixedrolepermission procedure was encountered. Do not use. Occurs once per query.', 1, N'http://msdn.microsoft.com/en-us/library/ms143729(v=sql.100).aspx', 0, 3, 10, 3)
IF NOT EXISTS(SELECT TOP (1) 1 FROM dbo.App_Error WHERE [ID] = 49)
INSERT INTO dbo.App_Error([ID],[Name],[Massege],[IsActive],[URL_Reference],[IsCheckOnProcName],[SubjectGroupID],[DBVersionID],[SeverityID])VALUES (49, N'Deprecated Code', N'The sp_dboption procedure was encountered. Use ALTER DATABASE and DATABASEPROPERTYEX instead. Occurs once per compilation.', 1, N'http://technet.microsoft.com/en-us/library/ms143729.aspx', 0, 3, 10, 3)
IF NOT EXISTS(SELECT TOP (1) 1 FROM dbo.App_Error WHERE [ID] = 50)
INSERT INTO dbo.App_Error([ID],[Name],[Massege],[IsActive],[URL_Reference],[IsCheckOnProcName],[SubjectGroupID],[DBVersionID],[SeverityID])VALUES (50, N'Deprecated Code', N'The sp_dbremove procedure was encountered. Use DROP DATABASE instead. Occurs once per query.', 1, N'http://msdn.microsoft.com/en-us/library/ms143729(v=sql.100).aspx', 0, 3, 10, 3)
IF NOT EXISTS(SELECT TOP (1) 1 FROM dbo.App_Error WHERE [ID] = 51)
INSERT INTO dbo.App_Error([ID],[Name],[Massege],[IsActive],[URL_Reference],[IsCheckOnProcName],[SubjectGroupID],[DBVersionID],[SeverityID])VALUES (51, N'Deprecated Code', N'The sp_defaultdb procedure was encountered. Use ALTER LOGIN instead. Occurs once per compilation.', 1, N'http://msdn.microsoft.com/en-us/library/ms143729(v=sql.100).aspx', 0, 3, 10, 3)
IF NOT EXISTS(SELECT TOP (1) 1 FROM dbo.App_Error WHERE [ID] = 52)
INSERT INTO dbo.App_Error([ID],[Name],[Massege],[IsActive],[URL_Reference],[IsCheckOnProcName],[SubjectGroupID],[DBVersionID],[SeverityID])VALUES (52, N'Deprecated Code', N'The sp_defaultlanguage procedure was encountered. Use ALTER LOGIN instead. Occurs once per compilation.', 1, N'http://msdn.microsoft.com/en-us/library/ms143729(v=sql.100).aspx', 0, 3, 10, 3)
IF NOT EXISTS(SELECT TOP (1) 1 FROM dbo.App_Error WHERE [ID] = 53)
INSERT INTO dbo.App_Error([ID],[Name],[Massege],[IsActive],[URL_Reference],[IsCheckOnProcName],[SubjectGroupID],[DBVersionID],[SeverityID])VALUES (53, N'Deprecated Code', N'The sp_denylogin procedure was encountered. Use ALTER LOGIN DISABLE instead. Occurs once per query.', 1, N'http://msdn.microsoft.com/en-us/library/ms143729(v=sql.100).aspx', 0, 3, 10, 3)
IF NOT EXISTS(SELECT TOP (1) 1 FROM dbo.App_Error WHERE [ID] = 54)
INSERT INTO dbo.App_Error([ID],[Name],[Massege],[IsActive],[URL_Reference],[IsCheckOnProcName],[SubjectGroupID],[DBVersionID],[SeverityID])VALUES (54, N'Deprecated Code', N'The sp_depends procedure was encountered. Use sys.dm_sql_referencing_entities and sys.dm_sql_referenced_entities instead. Occurs once per query.', 1, N'http://msdn.microsoft.com/en-us/library/ms143729(v=sql.100).aspx', 0, 3, 10, 3)
IF NOT EXISTS(SELECT TOP (1) 1 FROM dbo.App_Error WHERE [ID] = 55)
INSERT INTO dbo.App_Error([ID],[Name],[Massege],[IsActive],[URL_Reference],[IsCheckOnProcName],[SubjectGroupID],[DBVersionID],[SeverityID])VALUES (55, N'Deprecated Code', N'The @keepfulltextindexfile argument was encountered in a sp_detach_db statement. Do not use this argument.', 1, N'http://technet.microsoft.com/en-us/library/ms143729.aspx', 0, 4, 11, 3)
IF NOT EXISTS(SELECT TOP (1) 1 FROM dbo.App_Error WHERE [ID] = 56)
INSERT INTO dbo.App_Error([ID],[Name],[Massege],[IsActive],[URL_Reference],[IsCheckOnProcName],[SubjectGroupID],[DBVersionID],[SeverityID])VALUES (56, N'Deprecated Code', N'The sp_dropalias procedure was encountered. Replace aliases with a combination of user accounts and database roles. Use sp_dropalias to remove aliases in upgraded databases. Occurs once per compilation.', 1, N'http://technet.microsoft.com/en-us/library/ms143729.aspx', 0, 4, 11, 3)
IF NOT EXISTS(SELECT TOP (1) 1 FROM dbo.App_Error WHERE [ID] = 57)
INSERT INTO dbo.App_Error([ID],[Name],[Massege],[IsActive],[URL_Reference],[IsCheckOnProcName],[SubjectGroupID],[DBVersionID],[SeverityID])VALUES (57, N'Deprecated Code', N'The sp_dropapprole procedure was encountered. Use DROP APPLICATION ROLE instead. Occurs once per query.', 1, N'http://msdn.microsoft.com/en-us/library/ms143729(v=sql.100).aspx', 0, 3, 10, 3)
IF NOT EXISTS(SELECT TOP (1) 1 FROM dbo.App_Error WHERE [ID] = 58)
INSERT INTO dbo.App_Error([ID],[Name],[Massege],[IsActive],[URL_Reference],[IsCheckOnProcName],[SubjectGroupID],[DBVersionID],[SeverityID])VALUES (58, N'Deprecated Code', N'The sp_dropextendedproc procedure was encountered. Use CLR instead. Occurs once per compilation.', 1, N'http://msdn.microsoft.com/en-us/library/ms143729(v=sql.100).aspx', 0, 3, 10, 3)
IF NOT EXISTS(SELECT TOP (1) 1 FROM dbo.App_Error WHERE [ID] = 59)
INSERT INTO dbo.App_Error([ID],[Name],[Massege],[IsActive],[URL_Reference],[IsCheckOnProcName],[SubjectGroupID],[DBVersionID],[SeverityID])VALUES (59, N'Deprecated Code', N'The sp_droplogin procedure was encountered. Use DROP LOGIN instead. Occurs once per query.', 1, N'http://msdn.microsoft.com/en-us/library/ms143729(v=sql.100).aspx', 0, 3, 10, 3)
IF NOT EXISTS(SELECT TOP (1) 1 FROM dbo.App_Error WHERE [ID] = 60)
INSERT INTO dbo.App_Error([ID],[Name],[Massege],[IsActive],[URL_Reference],[IsCheckOnProcName],[SubjectGroupID],[DBVersionID],[SeverityID])VALUES (60, N'Deprecated Code', N'The sp_dropremotelogin procedure was encountered. Use linked servers instead.', 1, N'http://technet.microsoft.com/en-us/library/ms143729.aspx', 0, 3, 10, 3)
IF NOT EXISTS(SELECT TOP (1) 1 FROM dbo.App_Error WHERE [ID] = 61)
INSERT INTO dbo.App_Error([ID],[Name],[Massege],[IsActive],[URL_Reference],[IsCheckOnProcName],[SubjectGroupID],[DBVersionID],[SeverityID])VALUES (61, N'Deprecated Code', N'The sp_droprole procedure was encountered. Use DROP ROLE instead. Occurs once per query.', 1, N'http://msdn.microsoft.com/en-us/library/ms143729(v=sql.100).aspx', 0, 3, 10, 3)
IF NOT EXISTS(SELECT TOP (1) 1 FROM dbo.App_Error WHERE [ID] = 62)
INSERT INTO dbo.App_Error([ID],[Name],[Massege],[IsActive],[URL_Reference],[IsCheckOnProcName],[SubjectGroupID],[DBVersionID],[SeverityID])VALUES (62, N'Deprecated Code', N'Replace sp_droptype by using DROP TYPE.', 1, N'http://msdn.microsoft.com/en-us/library/ms143729(v=sql.100).aspx', 0, 3, 10, 3)
IF NOT EXISTS(SELECT TOP (1) 1 FROM dbo.App_Error WHERE [ID] = 63)
INSERT INTO dbo.App_Error([ID],[Name],[Massege],[IsActive],[URL_Reference],[IsCheckOnProcName],[SubjectGroupID],[DBVersionID],[SeverityID])VALUES (63, N'Deprecated Code', N'The sp_dropuser procedure was encountered. Use DROP USER instead. Occurs once per query.', 1, N'http://msdn.microsoft.com/en-us/library/ms143729(v=sql.100).aspx', 0, 3, 10, 3)
IF NOT EXISTS(SELECT TOP (1) 1 FROM dbo.App_Error WHERE [ID] = 64)
INSERT INTO dbo.App_Error([ID],[Name],[Massege],[IsActive],[URL_Reference],[IsCheckOnProcName],[SubjectGroupID],[DBVersionID],[SeverityID])VALUES (64, N'Deprecated Code', N'Use of vardecimal storage format was encountered. Use data compression and sp_estimate_data_compression_savings instead.', 1, N'http://msdn.microsoft.com/en-us/library/ms143729(v=sql.100).aspx', 0, 3, 10, 3)
IF NOT EXISTS(SELECT TOP (1) 1 FROM dbo.App_Error WHERE [ID] = 65)
INSERT INTO dbo.App_Error([ID],[Name],[Massege],[IsActive],[URL_Reference],[IsCheckOnProcName],[SubjectGroupID],[DBVersionID],[SeverityID])VALUES (65, N'Deprecated Code', N'The sp_fulltext_catalog procedure was encountered. Use CREATE/ALTER/DROP FULLTEXT CATALOG instead. Occurs once per compilation.', 1, N'http://technet.microsoft.com/en-us/library/ms143729.aspx', 0, 4, 11, 3)
IF NOT EXISTS(SELECT TOP (1) 1 FROM dbo.App_Error WHERE [ID] = 66)
INSERT INTO dbo.App_Error([ID],[Name],[Massege],[IsActive],[URL_Reference],[IsCheckOnProcName],[SubjectGroupID],[DBVersionID],[SeverityID])VALUES (66, N'Deprecated Code', N'The sp_fulltext_column procedure was encountered. Use ALTER FULLTEXT INDEX instead. Occurs once per compilation.', 1, N'http://technet.microsoft.com/en-us/library/ms143729.aspx', 0, 4, 11, 3)
IF NOT EXISTS(SELECT TOP (1) 1 FROM dbo.App_Error WHERE [ID] = 67)
INSERT INTO dbo.App_Error([ID],[Name],[Massege],[IsActive],[URL_Reference],[IsCheckOnProcName],[SubjectGroupID],[DBVersionID],[SeverityID])VALUES (67, N'Deprecated Code', N'The sp_fulltext_database procedure was encountered. Use ALTER DATABASE instead. Occurs once per compilation.', 1, N'http://technet.microsoft.com/en-us/library/ms143729.aspx', 0, 4, 11, 3)
IF NOT EXISTS(SELECT TOP (1) 1 FROM dbo.App_Error WHERE [ID] = 68)
INSERT INTO dbo.App_Error([ID],[Name],[Massege],[IsActive],[URL_Reference],[IsCheckOnProcName],[SubjectGroupID],[DBVersionID],[SeverityID])VALUES (68, N'Deprecated Code', N'The clean_up option of the sp_fulltext_service procedure was encountered. Occurs once per query.', 1, N'http://technet.microsoft.com/en-us/library/ms143729.aspx', 0, 4, 11, 3)
IF NOT EXISTS(SELECT TOP (1) 1 FROM dbo.App_Error WHERE [ID] = 69)
INSERT INTO dbo.App_Error([ID],[Name],[Massege],[IsActive],[URL_Reference],[IsCheckOnProcName],[SubjectGroupID],[DBVersionID],[SeverityID])VALUES (69, N'Deprecated Code', N'The connect_timeout option of the sp_fulltext_service procedure was encountered. Occurs once per query.', 1, N'http://technet.microsoft.com/en-us/library/ms143729.aspx', 0, 4, 11, 3)
IF NOT EXISTS(SELECT TOP (1) 1 FROM dbo.App_Error WHERE [ID] = 70)
INSERT INTO dbo.App_Error([ID],[Name],[Massege],[IsActive],[URL_Reference],[IsCheckOnProcName],[SubjectGroupID],[DBVersionID],[SeverityID])VALUES (70, N'Deprecated Code', N'The data_timeout option of the sp_fulltext_service procedure was encountered. Occurs once per query.', 1, N'http://technet.microsoft.com/en-us/library/ms143729.aspx', 0, 4, 11, 3)
IF NOT EXISTS(SELECT TOP (1) 1 FROM dbo.App_Error WHERE [ID] = 71)
INSERT INTO dbo.App_Error([ID],[Name],[Massege],[IsActive],[URL_Reference],[IsCheckOnProcName],[SubjectGroupID],[DBVersionID],[SeverityID])VALUES (71, N'Deprecated Code', N'The resource_usage option of the sp_fulltext_service procedure was encountered. This option has no function. Occurs once per query.', 1, N'http://technet.microsoft.com/en-us/library/ms143729.aspx', 0, 4, 11, 3)
IF NOT EXISTS(SELECT TOP (1) 1 FROM dbo.App_Error WHERE [ID] = 72)
INSERT INTO dbo.App_Error([ID],[Name],[Massege],[IsActive],[URL_Reference],[IsCheckOnProcName],[SubjectGroupID],[DBVersionID],[SeverityID])VALUES (72, N'Deprecated Code', N'The sp_fulltext_table procedure was encountered. Use CREATE/ALTER/DROP FULLTEXT INDEX instead. Occurs once per compilation.', 1, N'http://technet.microsoft.com/en-us/library/ms143729.aspx', 0, 4, 11, 3)
IF NOT EXISTS(SELECT TOP (1) 1 FROM dbo.App_Error WHERE [ID] = 73)
INSERT INTO dbo.App_Error([ID],[Name],[Massege],[IsActive],[URL_Reference],[IsCheckOnProcName],[SubjectGroupID],[DBVersionID],[SeverityID])VALUES (73, N'Deprecated Code', N'The sp_getbindtoken procedure was encountered. Use Multiple Active Result Sets (MARS) or distributed transactions instead. Occurs once per compilation.', 1, N'http://msdn.microsoft.com/en-us/library/ms143729(v=sql.100).aspx', 0, 3, 10, 3)
IF NOT EXISTS(SELECT TOP (1) 1 FROM dbo.App_Error WHERE [ID] = 74)
INSERT INTO dbo.App_Error([ID],[Name],[Massege],[IsActive],[URL_Reference],[IsCheckOnProcName],[SubjectGroupID],[DBVersionID],[SeverityID])VALUES (74, N'Deprecated Code', N'The sp_grantdbaccess procedure was encountered. Use CREATE USER instead. Occurs once per query.', 1, N'http://msdn.microsoft.com/en-us/library/ms143729(v=sql.100).aspx', 0, 3, 10, 3)
IF NOT EXISTS(SELECT TOP (1) 1 FROM dbo.App_Error WHERE [ID] = 75)
INSERT INTO dbo.App_Error([ID],[Name],[Massege],[IsActive],[URL_Reference],[IsCheckOnProcName],[SubjectGroupID],[DBVersionID],[SeverityID])VALUES (75, N'Deprecated Code', N'The sp_grantlogin procedure was encountered. Use CREATE LOGIN instead. Occurs once per query.', 1, N'http://msdn.microsoft.com/en-us/library/ms143729(v=sql.100).aspx', 0, 3, 10, 3)
IF NOT EXISTS(SELECT TOP (1) 1 FROM dbo.App_Error WHERE [ID] = 76)
INSERT INTO dbo.App_Error([ID],[Name],[Massege],[IsActive],[URL_Reference],[IsCheckOnProcName],[SubjectGroupID],[DBVersionID],[SeverityID])VALUES (76, N'Deprecated Code', N'The sp_help_fulltext_catalog_components procedure was encountered. This procedure returns empty rows. Do not use this procedure. Occurs once per compilation.', 1, N'http://technet.microsoft.com/en-us/library/ms143729.aspx', 0, 4, 11, 3)
IF NOT EXISTS(SELECT TOP (1) 1 FROM dbo.App_Error WHERE [ID] = 77)
INSERT INTO dbo.App_Error([ID],[Name],[Massege],[IsActive],[URL_Reference],[IsCheckOnProcName],[SubjectGroupID],[DBVersionID],[SeverityID])VALUES (77, N'Deprecated Code', N'The sp_help_fulltext_catalogs procedure was encountered. Query sys.fulltext_catalogs instead. Occurs once per compilation.', 1, N'http://technet.microsoft.com/en-us/library/ms143729.aspx', 0, 4, 11, 3)
IF NOT EXISTS(SELECT TOP (1) 1 FROM dbo.App_Error WHERE [ID] = 78)
INSERT INTO dbo.App_Error([ID],[Name],[Massege],[IsActive],[URL_Reference],[IsCheckOnProcName],[SubjectGroupID],[DBVersionID],[SeverityID])VALUES (78, N'Deprecated Code', N'The sp_help_fulltext_catalogs_cursor procedure was encountered. Query sys.fulltext_catalogs instead. Occurs once per compilation.', 1, N'http://technet.microsoft.com/en-us/library/ms143729.aspx', 0, 4, 11, 3)
IF NOT EXISTS(SELECT TOP (1) 1 FROM dbo.App_Error WHERE [ID] = 79)
INSERT INTO dbo.App_Error([ID],[Name],[Massege],[IsActive],[URL_Reference],[IsCheckOnProcName],[SubjectGroupID],[DBVersionID],[SeverityID])VALUES (79, N'Deprecated Code', N'The sp_help_fulltext_columns procedure was encountered. Query sys.fulltext_index_columns instead. Occurs once per compilation.', 1, N'http://technet.microsoft.com/en-us/library/ms143729.aspx', 0, 4, 11, 3)
IF NOT EXISTS(SELECT TOP (1) 1 FROM dbo.App_Error WHERE [ID] = 80)
INSERT INTO dbo.App_Error([ID],[Name],[Massege],[IsActive],[URL_Reference],[IsCheckOnProcName],[SubjectGroupID],[DBVersionID],[SeverityID])VALUES (80, N'Deprecated Code', N'The sp_help_fulltext_columns_cursor procedure was encountered. Query sys.fulltext_index_columns instead. Occurs once per compilation.', 1, N'http://technet.microsoft.com/en-us/library/ms143729.aspx', 0, 4, 11, 3)
IF NOT EXISTS(SELECT TOP (1) 1 FROM dbo.App_Error WHERE [ID] = 81)
INSERT INTO dbo.App_Error([ID],[Name],[Massege],[IsActive],[URL_Reference],[IsCheckOnProcName],[SubjectGroupID],[DBVersionID],[SeverityID])VALUES (81, N'Deprecated Code', N'The sp_help_fulltext_tables procedure was encountered. Query sys.fulltext_indexes instead. Occurs once per compilation.', 1, N'http://technet.microsoft.com/en-us/library/ms143729.aspx', 0, 4, 11, 3)
IF NOT EXISTS(SELECT TOP (1) 1 FROM dbo.App_Error WHERE [ID] = 82)
INSERT INTO dbo.App_Error([ID],[Name],[Massege],[IsActive],[URL_Reference],[IsCheckOnProcName],[SubjectGroupID],[DBVersionID],[SeverityID])VALUES (82, N'Deprecated Code', N'The sp_help_fulltext_tables_cursor procedure was encountered. Query sys.fulltext_indexes instead. Occurs once per compilation.', 1, N'http://technet.microsoft.com/en-us/library/ms143729.aspx', 0, 4, 11, 3)
IF NOT EXISTS(SELECT TOP (1) 1 FROM dbo.App_Error WHERE [ID] = 83)
INSERT INTO dbo.App_Error([ID],[Name],[Massege],[IsActive],[URL_Reference],[IsCheckOnProcName],[SubjectGroupID],[DBVersionID],[SeverityID])VALUES (83, N'Deprecated Code', N'Replace sp_helpdevice by using sys.backup_devices.', 1, N'http://msdn.microsoft.com/en-us/library/ms143729(v=sql.100).aspx', 0, 3, 10, 3)
IF NOT EXISTS(SELECT TOP (1) 1 FROM dbo.App_Error WHERE [ID] = 84)
INSERT INTO dbo.App_Error([ID],[Name],[Massege],[IsActive],[URL_Reference],[IsCheckOnProcName],[SubjectGroupID],[DBVersionID],[SeverityID])VALUES (84, N'Deprecated Code', N'The sp_helpextendedproc procedure was encountered. Use CLR instead. Occurs once per compilation.', 1, N'http://msdn.microsoft.com/en-us/library/ms143729(v=sql.100).aspx', 0, 3, 10, 3)
IF NOT EXISTS(SELECT TOP (1) 1 FROM dbo.App_Error WHERE [ID] = 85)
INSERT INTO dbo.App_Error([ID],[Name],[Massege],[IsActive],[URL_Reference],[IsCheckOnProcName],[SubjectGroupID],[DBVersionID],[SeverityID])VALUES (85, N'Deprecated Code', N'The sp_helpremotelogin procedure was encountered. Use linked servers instead.', 1, N'http://technet.microsoft.com/en-us/library/ms143729.aspx', 0, 3, 10, 3)
IF NOT EXISTS(SELECT TOP (1) 1 FROM dbo.App_Error WHERE [ID] = 86)
INSERT INTO dbo.App_Error([ID],[Name],[Massege],[IsActive],[URL_Reference],[IsCheckOnProcName],[SubjectGroupID],[DBVersionID],[SeverityID])VALUES (86, N'Deprecated Code', N'The sp_indexoption procedure was encountered. Use ALTER INDEX instead. Occurs once per compilation.', 1, N'http://msdn.microsoft.com/en-us/library/ms143729(v=sql.100).aspx', 0, 3, 10, 3)
IF NOT EXISTS(SELECT TOP (1) 1 FROM dbo.App_Error WHERE [ID] = 87)
INSERT INTO dbo.App_Error([ID],[Name],[Massege],[IsActive],[URL_Reference],[IsCheckOnProcName],[SubjectGroupID],[DBVersionID],[SeverityID])VALUES (87, N'Deprecated Code', N'The sp_lock procedure was encountered. Query sys.dm_tran_locks instead. Occurs once per query.', 1, N'http://msdn.microsoft.com/en-us/library/ms143729(v=sql.100).aspx', 0, 3, 10, 3)
IF NOT EXISTS(SELECT TOP (1) 1 FROM dbo.App_Error WHERE [ID] = 88)
INSERT INTO dbo.App_Error([ID],[Name],[Massege],[IsActive],[URL_Reference],[IsCheckOnProcName],[SubjectGroupID],[DBVersionID],[SeverityID])VALUES (88, N'Deprecated Code', N'The sp_password procedure was encountered. Use ALTER LOGIN instead. Occurs once per query.', 1, N'http://msdn.microsoft.com/en-us/library/ms143729(v=sql.100).aspx', 0, 3, 10, 3)
IF NOT EXISTS(SELECT TOP (1) 1 FROM dbo.App_Error WHERE [ID] = 89)
INSERT INTO dbo.App_Error([ID],[Name],[Massege],[IsActive],[URL_Reference],[IsCheckOnProcName],[SubjectGroupID],[DBVersionID],[SeverityID])VALUES (89, N'Deprecated Code', N'The sp_remoteoption procedure was encountered. Use linked servers instead.', 1, N'http://technet.microsoft.com/en-us/library/ms143729.aspx', 0, 3, 10, 3)
IF NOT EXISTS(SELECT TOP (1) 1 FROM dbo.App_Error WHERE [ID] = 90)
INSERT INTO dbo.App_Error([ID],[Name],[Massege],[IsActive],[URL_Reference],[IsCheckOnProcName],[SubjectGroupID],[DBVersionID],[SeverityID])VALUES (90, N'Deprecated Code', N'The sp_renamedb procedure was encountered. Use ALTER DATABASE instead. Occurs once per query.', 1, N'http://msdn.microsoft.com/en-us/library/ms143729(v=sql.100).aspx', 0, 3, 10, 3)
IF NOT EXISTS(SELECT TOP (1) 1 FROM dbo.App_Error WHERE [ID] = 91)
INSERT INTO dbo.App_Error([ID],[Name],[Massege],[IsActive],[URL_Reference],[IsCheckOnProcName],[SubjectGroupID],[DBVersionID],[SeverityID])VALUES (91, N'Deprecated Code', N'The sp_resetstatus procedure was encountered. Use ALTER DATABASE instead. Occurs once per query.', 1, N'http://msdn.microsoft.com/en-us/library/ms143729(v=sql.100).aspx', 0, 3, 10, 3)
IF NOT EXISTS(SELECT TOP (1) 1 FROM dbo.App_Error WHERE [ID] = 92)
INSERT INTO dbo.App_Error([ID],[Name],[Massege],[IsActive],[URL_Reference],[IsCheckOnProcName],[SubjectGroupID],[DBVersionID],[SeverityID])VALUES (92, N'Deprecated Code', N'The sp_revokedbaccess procedure was encountered. Use DROP USER instead. Occurs once per query.', 1, N'http://msdn.microsoft.com/en-us/library/ms143729(v=sql.100).aspx', 0, 3, 10, 3)
IF NOT EXISTS(SELECT TOP (1) 1 FROM dbo.App_Error WHERE [ID] = 93)
INSERT INTO dbo.App_Error([ID],[Name],[Massege],[IsActive],[URL_Reference],[IsCheckOnProcName],[SubjectGroupID],[DBVersionID],[SeverityID])VALUES (93, N'Deprecated Code', N'The sp_revokelogin procedure was encountered. Use DROP LOGIN instead. Occurs once per query.', 1, N'http://msdn.microsoft.com/en-us/library/ms143729(v=sql.100).aspx', 0, 3, 10, 3)
IF NOT EXISTS(SELECT TOP (1) 1 FROM dbo.App_Error WHERE [ID] = 94)
INSERT INTO dbo.App_Error([ID],[Name],[Massege],[IsActive],[URL_Reference],[IsCheckOnProcName],[SubjectGroupID],[DBVersionID],[SeverityID])VALUES (94, N'Deprecated Code', N'The deprecated sp_srvrolepermission procedure was encountered. Do not use. Occurs once per query.', 1, N'http://msdn.microsoft.com/en-us/library/ms143729(v=sql.100).aspx', 0, 3, 10, 3)
IF NOT EXISTS(SELECT TOP (1) 1 FROM dbo.App_Error WHERE [ID] = 95)
INSERT INTO dbo.App_Error([ID],[Name],[Massege],[IsActive],[URL_Reference],[IsCheckOnProcName],[SubjectGroupID],[DBVersionID],[SeverityID])VALUES (95, N'Deprecated Code', N'The sp_unbindefault procedure was encountered. Use the DEFAULT keyword in CREATE TABLE or ALTER TABLE statements instead. Occurs once per compilation.', 1, N'http://msdn.microsoft.com/en-us/library/ms143729(v=sql.100).aspx', 0, 3, 10, 3)
IF NOT EXISTS(SELECT TOP (1) 1 FROM dbo.App_Error WHERE [ID] = 96)
INSERT INTO dbo.App_Error([ID],[Name],[Massege],[IsActive],[URL_Reference],[IsCheckOnProcName],[SubjectGroupID],[DBVersionID],[SeverityID])VALUES (96, N'Deprecated Code', N'The sp_unbindrule procedure was encountered. Use check constraints instead of rules. Occurs once per compilation.', 1, N'http://technet.microsoft.com/en-us/library/ms143729.aspx', 0, 4, 11, 3)
IF NOT EXISTS(SELECT TOP (1) 1 FROM dbo.App_Error WHERE [ID] = 97)
INSERT INTO dbo.App_Error([ID],[Name],[Massege],[IsActive],[URL_Reference],[IsCheckOnProcName],[SubjectGroupID],[DBVersionID],[SeverityID])VALUES (97, N'Deprecated Code', N'Event occurs once per database start and once per collation use. Plan to modify applications that use this collation.', 1, N'http://technet.microsoft.com/en-us/library/ms143729.aspx', 0, 4, 11, 3)
IF NOT EXISTS(SELECT TOP (1) 1 FROM dbo.App_Error WHERE [ID] = 98)
INSERT INTO dbo.App_Error([ID],[Name],[Massege],[IsActive],[URL_Reference],[IsCheckOnProcName],[SubjectGroupID],[DBVersionID],[SeverityID])VALUES (98, N'Deprecated Code', N'Syntax that contains a string that is used as a column alias in a SELECT statement, such as ''string'' = expression, was encountered. Do not use. Occurs once per compilation.', 1, N'http://technet.microsoft.com/en-us/library/ms143729.aspx', 0, 4, 11, 3)
IF NOT EXISTS(SELECT TOP (1) 1 FROM dbo.App_Error WHERE [ID] = 99)
INSERT INTO dbo.App_Error([ID],[Name],[Massege],[IsActive],[URL_Reference],[IsCheckOnProcName],[SubjectGroupID],[DBVersionID],[SeverityID])VALUES (99, N'Deprecated Code', N'References to sys.sql_dependencies were encountered. Use sys.sql_expression_dependencies instead. Occurs once per compilation.', 1, N'http://msdn.microsoft.com/en-us/library/ms143729(v=sql.100).aspx', 0, 3, 10, 3)
IF NOT EXISTS(SELECT TOP (1) 1 FROM dbo.App_Error WHERE [ID] = 100)
INSERT INTO dbo.App_Error([ID],[Name],[Massege],[IsActive],[URL_Reference],[IsCheckOnProcName],[SubjectGroupID],[DBVersionID],[SeverityID])VALUES (100, N'Deprecated Code', N'References to sysaltfiles were encountered. Use sys.master_files instead. Occurs once per compilation.', 1, N'http://msdn.microsoft.com/en-us/library/ms143729(v=sql.100).aspx', 0, 3, 10, 3)
IF NOT EXISTS(SELECT TOP (1) 1 FROM dbo.App_Error WHERE [ID] = 101)
INSERT INTO dbo.App_Error([ID],[Name],[Massege],[IsActive],[URL_Reference],[IsCheckOnProcName],[SubjectGroupID],[DBVersionID],[SeverityID])VALUES (101, N'Deprecated Code', N'References to syscacheobjects were encountered. Use sys.dm_exec_cached_plans, sys.dm_exec_plan_attributes, and sys.dm_exec_sql_text instead. Occurs once per compilation.', 1, N'http://msdn.microsoft.com/en-us/library/ms143729(v=sql.100).aspx', 0, 3, 10, 3)
IF NOT EXISTS(SELECT TOP (1) 1 FROM dbo.App_Error WHERE [ID] = 102)
INSERT INTO dbo.App_Error([ID],[Name],[Massege],[IsActive],[URL_Reference],[IsCheckOnProcName],[SubjectGroupID],[DBVersionID],[SeverityID])VALUES (102, N'Deprecated Code', N'References to syscolumns were encountered. Use sys.columns instead. Occurs once per compilation.', 1, N'http://msdn.microsoft.com/en-us/library/ms143729(v=sql.100).aspx', 0, 3, 10, 3)
IF NOT EXISTS(SELECT TOP (1) 1 FROM dbo.App_Error WHERE [ID] = 103)
INSERT INTO dbo.App_Error([ID],[Name],[Massege],[IsActive],[URL_Reference],[IsCheckOnProcName],[SubjectGroupID],[DBVersionID],[SeverityID])VALUES (103, N'Deprecated Code', N'References to syscomments were encountered. Use sys.sql_modules instead. Occurs once per compilation.', 1, N'http://msdn.microsoft.com/en-us/library/ms143729(v=sql.100).aspx', 0, 3, 10, 3)
IF NOT EXISTS(SELECT TOP (1) 1 FROM dbo.App_Error WHERE [ID] = 104)
INSERT INTO dbo.App_Error([ID],[Name],[Massege],[IsActive],[URL_Reference],[IsCheckOnProcName],[SubjectGroupID],[DBVersionID],[SeverityID])VALUES (104, N'Deprecated Code', N'References to the sysconfigures table were encountered. Reference the sys.sysconfigures view instead. Occurs once per compilation.', 1, N'http://msdn.microsoft.com/en-us/library/ms143729(v=sql.100).aspx', 0, 3, 10, 3)
IF NOT EXISTS(SELECT TOP (1) 1 FROM dbo.App_Error WHERE [ID] = 105)
INSERT INTO dbo.App_Error([ID],[Name],[Massege],[IsActive],[URL_Reference],[IsCheckOnProcName],[SubjectGroupID],[DBVersionID],[SeverityID])VALUES (105, N'Deprecated Code', N'References to sysconstraints were encountered Use sys.check_constraints, sys.default_constraints, sys.key_constraints, sys.foreign_keys instead. Occurs once per compilation.', 1, N'http://msdn.microsoft.com/en-us/library/ms143729(v=sql.100).aspx', 0, 3, 10, 3)
IF NOT EXISTS(SELECT TOP (1) 1 FROM dbo.App_Error WHERE [ID] = 106)
INSERT INTO dbo.App_Error([ID],[Name],[Massege],[IsActive],[URL_Reference],[IsCheckOnProcName],[SubjectGroupID],[DBVersionID],[SeverityID])VALUES (106, N'Deprecated Code', N'References to syscurconfigs were encountered. Use sys.configurations instead. Occurs once per compilation.', 1, N'http://msdn.microsoft.com/en-us/library/ms143729(v=sql.100).aspx', 0, 3, 10, 3)
IF NOT EXISTS(SELECT TOP (1) 1 FROM dbo.App_Error WHERE [ID] = 107)
INSERT INTO dbo.App_Error([ID],[Name],[Massege],[IsActive],[URL_Reference],[IsCheckOnProcName],[SubjectGroupID],[DBVersionID],[SeverityID])VALUES (107, N'Deprecated Code', N'References to sysdatabases were encountered. Use sys.databases instead. Occurs once per compilation.', 1, N'http://msdn.microsoft.com/en-us/library/ms143729(v=sql.100).aspx', 0, 3, 10, 3)
IF NOT EXISTS(SELECT TOP (1) 1 FROM dbo.App_Error WHERE [ID] = 108)
INSERT INTO dbo.App_Error([ID],[Name],[Massege],[IsActive],[URL_Reference],[IsCheckOnProcName],[SubjectGroupID],[DBVersionID],[SeverityID])VALUES (108, N'Deprecated Code', N'References to sysdepends were encountered. Use sys.sql_dependencies instead. Occurs once per compilation.', 1, N'http://msdn.microsoft.com/en-us/library/ms143729(v=sql.100).aspx', 0, 3, 10, 3)
IF NOT EXISTS(SELECT TOP (1) 1 FROM dbo.App_Error WHERE [ID] = 109)
INSERT INTO dbo.App_Error([ID],[Name],[Massege],[IsActive],[URL_Reference],[IsCheckOnProcName],[SubjectGroupID],[DBVersionID],[SeverityID])VALUES (109, N'Deprecated Code', N'References to sysdevices were encountered. Use sys.backup_devices instead. Occurs once per compilation.', 1, N'http://msdn.microsoft.com/en-us/library/ms143729(v=sql.100).aspx', 0, 3, 10, 3)
IF NOT EXISTS(SELECT TOP (1) 1 FROM dbo.App_Error WHERE [ID] = 110)
INSERT INTO dbo.App_Error([ID],[Name],[Massege],[IsActive],[URL_Reference],[IsCheckOnProcName],[SubjectGroupID],[DBVersionID],[SeverityID])VALUES (110, N'Deprecated Code', N'References to sysfilegroups were encountered. Use sys.filegroups instead. Occurs once per compilation.', 1, N'http://msdn.microsoft.com/en-us/library/ms143729(v=sql.100).aspx', 0, 3, 10, 3)
IF NOT EXISTS(SELECT TOP (1) 1 FROM dbo.App_Error WHERE [ID] = 111)
INSERT INTO dbo.App_Error([ID],[Name],[Massege],[IsActive],[URL_Reference],[IsCheckOnProcName],[SubjectGroupID],[DBVersionID],[SeverityID])VALUES (111, N'Deprecated Code', N'References to sysfiles were encountered. Use sys.database_files instead. Occurs once per compilation.', 1, N'http://msdn.microsoft.com/en-us/library/ms143729(v=sql.100).aspx', 0, 3, 10, 3)
IF NOT EXISTS(SELECT TOP (1) 1 FROM dbo.App_Error WHERE [ID] = 112)
INSERT INTO dbo.App_Error([ID],[Name],[Massege],[IsActive],[URL_Reference],[IsCheckOnProcName],[SubjectGroupID],[DBVersionID],[SeverityID])VALUES (112, N'Deprecated Code', N'References to sysforeignkeys were encountered. Use sys.foreign_keys instead. Occurs once per compilation.', 1, N'http://msdn.microsoft.com/en-us/library/ms143729(v=sql.100).aspx', 0, 3, 10, 3)
IF NOT EXISTS(SELECT TOP (1) 1 FROM dbo.App_Error WHERE [ID] = 114)
INSERT INTO dbo.App_Error([ID],[Name],[Massege],[IsActive],[URL_Reference],[IsCheckOnProcName],[SubjectGroupID],[DBVersionID],[SeverityID])VALUES (114, N'Deprecated Code', N'References to sysfulltextcatalogs were encountered. Use sys.fulltext_catalogs instead. Occurs once per compilation.', 1, N'http://msdn.microsoft.com/en-us/library/ms143729(v=sql.100).aspx', 0, 3, 10, 3)
IF NOT EXISTS(SELECT TOP (1) 1 FROM dbo.App_Error WHERE [ID] = 115)
INSERT INTO dbo.App_Error([ID],[Name],[Massege],[IsActive],[URL_Reference],[IsCheckOnProcName],[SubjectGroupID],[DBVersionID],[SeverityID])VALUES (115, N'Deprecated Code', N'References to sysindexes were encountered. Use sys.indexes, sys.partitions, sys.allocation_units, and sys.dm_db_partition_stats instead. Occurs once per compilation.', 1, N'http://msdn.microsoft.com/en-us/library/ms143729(v=sql.100).aspx', 0, 3, 10, 3)
IF NOT EXISTS(SELECT TOP (1) 1 FROM dbo.App_Error WHERE [ID] = 116)
INSERT INTO dbo.App_Error([ID],[Name],[Massege],[IsActive],[URL_Reference],[IsCheckOnProcName],[SubjectGroupID],[DBVersionID],[SeverityID])VALUES (116, N'Deprecated Code', N'References to sysindexkeys were encountered. Use sys.index_columns instead. Occurs once per compilation.', 1, N'http://msdn.microsoft.com/en-us/library/ms143729(v=sql.100).aspx', 0, 3, 10, 3)
IF NOT EXISTS(SELECT TOP (1) 1 FROM dbo.App_Error WHERE [ID] = 117)
INSERT INTO dbo.App_Error([ID],[Name],[Massege],[IsActive],[URL_Reference],[IsCheckOnProcName],[SubjectGroupID],[DBVersionID],[SeverityID])VALUES (117, N'Deprecated Code', N'References to syslockinfo were encountered. Use sys.dm_tran_locks instead. Occurs once per compilation.', 1, N'http://msdn.microsoft.com/en-us/library/ms143729(v=sql.100).aspx', 0, 3, 10, 3)
IF NOT EXISTS(SELECT TOP (1) 1 FROM dbo.App_Error WHERE [ID] = 118)
INSERT INTO dbo.App_Error([ID],[Name],[Massege],[IsActive],[URL_Reference],[IsCheckOnProcName],[SubjectGroupID],[DBVersionID],[SeverityID])VALUES (118, N'Deprecated Code', N'References to syslogins were encountered. Use sys.server_principals and sys.sql_logins instead. Occurs once per compilation', 1, N'http://msdn.microsoft.com/en-us/library/ms143729(v=sql.100).aspx', 0, 3, 10, 3)
IF NOT EXISTS(SELECT TOP (1) 1 FROM dbo.App_Error WHERE [ID] = 119)
INSERT INTO dbo.App_Error([ID],[Name],[Massege],[IsActive],[URL_Reference],[IsCheckOnProcName],[SubjectGroupID],[DBVersionID],[SeverityID])VALUES (119, N'Deprecated Code', N'References to sysmembers were encountered. Use sys.database_role_members instead. Occurs once per compilation.', 1, N'http://msdn.microsoft.com/en-us/library/ms143729(v=sql.100).aspx', 0, 3, 10, 3)
IF NOT EXISTS(SELECT TOP (1) 1 FROM dbo.App_Error WHERE [ID] = 120)
INSERT INTO dbo.App_Error([ID],[Name],[Massege],[IsActive],[URL_Reference],[IsCheckOnProcName],[SubjectGroupID],[DBVersionID],[SeverityID])VALUES (120, N'Deprecated Code', N'References to sysmessages were encountered. Use sys.messages instead. Occurs once per compilation.', 1, N'http://msdn.microsoft.com/en-us/library/ms143729(v=sql.100).aspx', 0, 3, 10, 3)
IF NOT EXISTS(SELECT TOP (1) 1 FROM dbo.App_Error WHERE [ID] = 121)
INSERT INTO dbo.App_Error([ID],[Name],[Massege],[IsActive],[URL_Reference],[IsCheckOnProcName],[SubjectGroupID],[DBVersionID],[SeverityID])VALUES (121, N'Deprecated Code', N'References to sysobjects were encountered. Use sys.objects instead. Occurs once per compilation.', 1, N'http://msdn.microsoft.com/en-us/library/ms143729(v=sql.100).aspx', 0, 3, 10, 3)
IF NOT EXISTS(SELECT TOP (1) 1 FROM dbo.App_Error WHERE [ID] = 122)
INSERT INTO dbo.App_Error([ID],[Name],[Massege],[IsActive],[URL_Reference],[IsCheckOnProcName],[SubjectGroupID],[DBVersionID],[SeverityID])VALUES (122, N'Deprecated Code', N'References to sysoledbusers were encountered. Use sys.linked_logins instead. Occurs once per compilation.', 1, N'http://msdn.microsoft.com/en-us/library/ms143729(v=sql.100).aspx', 0, 3, 10, 3)
IF NOT EXISTS(SELECT TOP (1) 1 FROM dbo.App_Error WHERE [ID] = 123)
INSERT INTO dbo.App_Error([ID],[Name],[Massege],[IsActive],[URL_Reference],[IsCheckOnProcName],[SubjectGroupID],[DBVersionID],[SeverityID])VALUES (123, N'Deprecated Code', N'References to sysopentapes were encountered. Use sys.dm_io_backup_tapes instead. Occurs once per compilation.', 1, N'http://msdn.microsoft.com/en-us/library/ms143729(v=sql.100).aspx', 0, 3, 10, 3)
IF NOT EXISTS(SELECT TOP (1) 1 FROM dbo.App_Error WHERE [ID] = 124)
INSERT INTO dbo.App_Error([ID],[Name],[Massege],[IsActive],[URL_Reference],[IsCheckOnProcName],[SubjectGroupID],[DBVersionID],[SeverityID])VALUES (124, N'Deprecated Code', N'References to sysperfinfo were encountered. Use sys.dm_os_performance_counters. instead. Occurs once per compilation.', 1, N'http://msdn.microsoft.com/en-us/library/ms143729(v=sql.100).aspx', 0, 3, 10, 3)
IF NOT EXISTS(SELECT TOP (1) 1 FROM dbo.App_Error WHERE [ID] = 125)
INSERT INTO dbo.App_Error([ID],[Name],[Massege],[IsActive],[URL_Reference],[IsCheckOnProcName],[SubjectGroupID],[DBVersionID],[SeverityID])VALUES (125, N'Deprecated Code', N'References to syspermissions were encountered. Use sys.database_permissions and sys.server_permissions instead. Occurs once per compilation.', 1, N'http://msdn.microsoft.com/en-us/library/ms143729(v=sql.100).aspx', 0, 3, 10, 3)
IF NOT EXISTS(SELECT TOP (1) 1 FROM dbo.App_Error WHERE [ID] = 126)
INSERT INTO dbo.App_Error([ID],[Name],[Massege],[IsActive],[URL_Reference],[IsCheckOnProcName],[SubjectGroupID],[DBVersionID],[SeverityID])VALUES (126, N'Deprecated Code', N'References to sysprocesses were encountered. Use sys.dm_exec_connections, sys.dm_exec_sessions, and sys.dm_exec_requests instead. Occurs once per compilation.', 1, N'http://msdn.microsoft.com/en-us/library/ms143729(v=sql.100).aspx', 0, 3, 10, 3)
IF NOT EXISTS(SELECT TOP (1) 1 FROM dbo.App_Error WHERE [ID] = 127)
INSERT INTO dbo.App_Error([ID],[Name],[Massege],[IsActive],[URL_Reference],[IsCheckOnProcName],[SubjectGroupID],[DBVersionID],[SeverityID])VALUES (127, N'Deprecated Code', N'References to sysprotects were encountered. Use sys.database_permissions and sys.server_permissions instead. Occurs once per compilation.', 1, N'http://msdn.microsoft.com/en-us/library/ms143729(v=sql.100).aspx', 0, 3, 10, 3)
IF NOT EXISTS(SELECT TOP (1) 1 FROM dbo.App_Error WHERE [ID] = 128)
INSERT INTO dbo.App_Error([ID],[Name],[Massege],[IsActive],[URL_Reference],[IsCheckOnProcName],[SubjectGroupID],[DBVersionID],[SeverityID])VALUES (128, N'Deprecated Code', N'References to sysreferences were encountered. Use sys.foreign_keys instead. Occurs once per compilation.', 1, N'http://msdn.microsoft.com/en-us/library/ms143729(v=sql.100).aspx', 0, 3, 10, 3)
IF NOT EXISTS(SELECT TOP (1) 1 FROM dbo.App_Error WHERE [ID] = 129)
INSERT INTO dbo.App_Error([ID],[Name],[Massege],[IsActive],[URL_Reference],[IsCheckOnProcName],[SubjectGroupID],[DBVersionID],[SeverityID])VALUES (129, N'Deprecated Code', N'References to sysremotelogins were encountered. Use sys.remote_logins instead. Occurs once per compilation.', 1, N'http://msdn.microsoft.com/en-us/library/ms143729(v=sql.100).aspx', 0, 3, 10, 3)
IF NOT EXISTS(SELECT TOP (1) 1 FROM dbo.App_Error WHERE [ID] = 130)
INSERT INTO dbo.App_Error([ID],[Name],[Massege],[IsActive],[URL_Reference],[IsCheckOnProcName],[SubjectGroupID],[DBVersionID],[SeverityID])VALUES (130, N'Deprecated Code', N'References to sysservers were encountered. Use sys.servers instead. Occurs once per compilation.', 1, N'http://msdn.microsoft.com/en-us/library/ms143729(v=sql.100).aspx', 0, 3, 10, 3)
IF NOT EXISTS(SELECT TOP (1) 1 FROM dbo.App_Error WHERE [ID] = 131)
INSERT INTO dbo.App_Error([ID],[Name],[Massege],[IsActive],[URL_Reference],[IsCheckOnProcName],[SubjectGroupID],[DBVersionID],[SeverityID])VALUES (131, N'Deprecated Code', N'References to systypes were encountered. Use sys.types instead. Occurs once per compilation.', 1, N'http://msdn.microsoft.com/en-us/library/ms143729(v=sql.100).aspx', 0, 3, 10, 3)
IF NOT EXISTS(SELECT TOP (1) 1 FROM dbo.App_Error WHERE [ID] = 132)
INSERT INTO dbo.App_Error([ID],[Name],[Massege],[IsActive],[URL_Reference],[IsCheckOnProcName],[SubjectGroupID],[DBVersionID],[SeverityID])VALUES (132, N'Deprecated Code', N'References to sysusers were encountered. Use sys.database_principals instead. Occurs once per compilation.', 1, N'http://msdn.microsoft.com/en-us/library/ms143729(v=sql.100).aspx', 0, 3, 10, 3)
IF NOT EXISTS(SELECT TOP (1) 1 FROM dbo.App_Error WHERE [ID] = 133)
INSERT INTO dbo.App_Error([ID],[Name],[Massege],[IsActive],[URL_Reference],[IsCheckOnProcName],[SubjectGroupID],[DBVersionID],[SeverityID])VALUES (133, N'Deprecated Code', N'A statement that used table hints but did not use the WITH keyword was encountered. Modify statements to include the word WITH. Occurs once per compilation.', 0, N'http://technet.microsoft.com/en-us/library/ms143729.aspx', 0, 4, 11, 3)
IF NOT EXISTS(SELECT TOP (1) 1 FROM dbo.App_Error WHERE [ID] = 134)
INSERT INTO dbo.App_Error([ID],[Name],[Massege],[IsActive],[URL_Reference],[IsCheckOnProcName],[SubjectGroupID],[DBVersionID],[SeverityID])VALUES (134, N'Deprecated Code', N'References to the ''text in row'' table option were encountered. Use sp_tableoption ''large value types out of row'' instead. Occurs once per query.', 0, N'http://technet.microsoft.com/en-us/library/ms143729.aspx', 0, 4, 11, 3)
IF NOT EXISTS(SELECT TOP (1) 1 FROM dbo.App_Error WHERE [ID] = 135)
INSERT INTO dbo.App_Error([ID],[Name],[Massege],[IsActive],[URL_Reference],[IsCheckOnProcName],[SubjectGroupID],[DBVersionID],[SeverityID])VALUES (135, N'Deprecated Code', N'References to the TEXTPTR function were encountered. Rewrite applications to use the varchar(max) data type and removed text, ntext, and image data type syntax. Occurs once per query.', 1, N'http://msdn.microsoft.com/en-us/library/ms143729(v=sql.100).aspx', 0, 3, 10, 3)
IF NOT EXISTS(SELECT TOP (1) 1 FROM dbo.App_Error WHERE [ID] = 136)
INSERT INTO dbo.App_Error([ID],[Name],[Massege],[IsActive],[URL_Reference],[IsCheckOnProcName],[SubjectGroupID],[DBVersionID],[SeverityID])VALUES (136, N'Deprecated Code', N'References to the TEXTVALID function were encountered. Rewrite applications to use the varchar(max) data type and removed text, ntext, and image data type syntax. Occurs once per query.', 1, N'http://msdn.microsoft.com/en-us/library/ms143729(v=sql.100).aspx', 0, 3, 10, 3)
IF NOT EXISTS(SELECT TOP (1) 1 FROM dbo.App_Error WHERE [ID] = 137)
INSERT INTO dbo.App_Error([ID],[Name],[Massege],[IsActive],[URL_Reference],[IsCheckOnProcName],[SubjectGroupID],[DBVersionID],[SeverityID])VALUES (137, N'Deprecated Code', N'Total number of times the deprecated timestamp data type was encountered in a DDL statement. Use the rowversion data type instead.', 1, N'http://msdn.microsoft.com/en-us/library/ms143729(v=sql.100).aspx', 0, 3, 10, 4)
IF NOT EXISTS(SELECT TOP (1) 1 FROM dbo.App_Error WHERE [ID] = 138)
INSERT INTO dbo.App_Error([ID],[Name],[Massege],[IsActive],[URL_Reference],[IsCheckOnProcName],[SubjectGroupID],[DBVersionID],[SeverityID])VALUES (138, N'Deprecated Code', N'The UPDATETEXT or WRITETEXT statement was encountered. Rewrite applications to use the varchar(max) data type and removed text, ntext, and image data type syntax. Occurs once per query.', 1, N'http://msdn.microsoft.com/en-us/library/ms143729(v=sql.100).aspx', 0, 3, 10, 3)
IF NOT EXISTS(SELECT TOP (1) 1 FROM dbo.App_Error WHERE [ID] = 139)
INSERT INTO dbo.App_Error([ID],[Name],[Massege],[IsActive],[URL_Reference],[IsCheckOnProcName],[SubjectGroupID],[DBVersionID],[SeverityID])VALUES (139, N'Deprecated Code', N'References to the USER_ID function were encountered. Use the DATABASE_PRINCIPAL_ID function instead. Occurs once per compilation. Using OLEDB for linked servers', 1, N'http://msdn.microsoft.com/en-us/library/ms143729(v=sql.100).aspx', 0, 3, 10, 3)
IF NOT EXISTS(SELECT TOP (1) 1 FROM dbo.App_Error WHERE [ID] = 140)
INSERT INTO dbo.App_Error([ID],[Name],[Massege],[IsActive],[URL_Reference],[IsCheckOnProcName],[SubjectGroupID],[DBVersionID],[SeverityID])VALUES (140, N'Deprecated Code', N'Use of vardecimal storage format was encountered. Use data compression instead.', 1, N'http://technet.microsoft.com/en-us/library/ms143729.aspx', 0, 4, 11, 3)
IF NOT EXISTS(SELECT TOP (1) 1 FROM dbo.App_Error WHERE [ID] = 141)
INSERT INTO dbo.App_Error([ID],[Name],[Massege],[IsActive],[URL_Reference],[IsCheckOnProcName],[SubjectGroupID],[DBVersionID],[SeverityID])VALUES (141, N'Deprecated Code', N'The FOR XML syntax was encountered. Use XSD generation for RAW and AUTO modes. There is no replacement for the explicit mode. Occurs once per compilation.', 1, N'http://technet.microsoft.com/en-us/library/ms143729.aspx', 0, 4, 11, 3)
IF NOT EXISTS(SELECT TOP (1) 1 FROM dbo.App_Error WHERE [ID] = 142)
INSERT INTO dbo.App_Error([ID],[Name],[Massege],[IsActive],[URL_Reference],[IsCheckOnProcName],[SubjectGroupID],[DBVersionID],[SeverityID])VALUES (142, N'Deprecated Code', N'An extended stored procedure statement was encountered. Do not use.', 1, N'http://technet.microsoft.com/en-us/library/ms143729.aspx', 0, 4, 11, 3)
IF NOT EXISTS(SELECT TOP (1) 1 FROM dbo.App_Error WHERE [ID] = 143)
INSERT INTO dbo.App_Error([ID],[Name],[Massege],[IsActive],[URL_Reference],[IsCheckOnProcName],[SubjectGroupID],[DBVersionID],[SeverityID])VALUES (143, N'Deprecated Code', N'The xp_grantlogin procedure was encountered. Use CREATE LOGIN instead. Occurs once per compilation.', 1, N'http://msdn.microsoft.com/en-us/library/ms143729(v=sql.100).aspx', 0, 3, 10, 3)
IF NOT EXISTS(SELECT TOP (1) 1 FROM dbo.App_Error WHERE [ID] = 144)
INSERT INTO dbo.App_Error([ID],[Name],[Massege],[IsActive],[URL_Reference],[IsCheckOnProcName],[SubjectGroupID],[DBVersionID],[SeverityID])VALUES (144, N'Deprecated Code', N'The xp_loginconfig procedure was encountered. Use the IsIntegratedSecurityOnly argument of SERVERPROPERTY instead. Occurs once per query.', 1, N'http://msdn.microsoft.com/en-us/library/ms143729(v=sql.100).aspx', 0, 3, 10, 3)
IF NOT EXISTS(SELECT TOP (1) 1 FROM dbo.App_Error WHERE [ID] = 145)
INSERT INTO dbo.App_Error([ID],[Name],[Massege],[IsActive],[URL_Reference],[IsCheckOnProcName],[SubjectGroupID],[DBVersionID],[SeverityID])VALUES (145, N'Deprecated Code', N'The xp_revokelogin procedure was encountered. Use ALTER LOGIN DISABLE or DROP LOGIN instead. Occurs once per compilation.', 1, N'http://msdn.microsoft.com/en-us/library/ms143729(v=sql.100).aspx', 0, 3, 10, 3)
IF NOT EXISTS(SELECT TOP (1) 1 FROM dbo.App_Error WHERE [ID] = 146)
INSERT INTO dbo.App_Error([ID],[Name],[Massege],[IsActive],[URL_Reference],[IsCheckOnProcName],[SubjectGroupID],[DBVersionID],[SeverityID])VALUES (146, N'Deprecated Code', N'The FASTFIRSTROW procedure was encountered. Use OPTION (FAST n) instead.', 1, N'http://msdn.microsoft.com/en-us/library/ms143729(v=sql.100).aspx', 0, 3, 10, 3)
IF NOT EXISTS(SELECT TOP (1) 1 FROM dbo.App_Error WHERE [ID] = 147)
INSERT INTO dbo.App_Error([ID],[Name],[Massege],[IsActive],[URL_Reference],[IsCheckOnProcName],[SubjectGroupID],[DBVersionID],[SeverityID])VALUES (147, N'Deprecated Code', N'Insted "COMPUTE" use ROLLUP.', 1, N'http://msdn.microsoft.com/en-us/library/ms143729(v=sql.100).aspx', 0, 3, 10, 3)
IF NOT EXISTS(SELECT TOP (1) 1 FROM dbo.App_Error WHERE [ID] = 148)
INSERT INTO dbo.App_Error([ID],[Name],[Massege],[IsActive],[URL_Reference],[IsCheckOnProcName],[SubjectGroupID],[DBVersionID],[SeverityID])VALUES (148, N'Deprecated Code', N'Use roles instead of aliases.', 1, N'http://msdn.microsoft.com/en-us/library/ms143729(v=sql.100).aspx', 0, 3, 10, 3)
IF NOT EXISTS(SELECT TOP (1) 1 FROM dbo.App_Error WHERE [ID] = 149)
INSERT INTO dbo.App_Error([ID],[Name],[Massege],[IsActive],[URL_Reference],[IsCheckOnProcName],[SubjectGroupID],[DBVersionID],[SeverityID])VALUES (149, N'Deprecated Code', N'DEFAULT keyword in CREATE TABLE and ALTER TABLE.', 1, N'http://msdn.microsoft.com/en-us/library/ms143729(v=sql.100).aspx', 0, 3, 10, 3)
IF NOT EXISTS(SELECT TOP (1) 1 FROM dbo.App_Error WHERE [ID] = 150)
INSERT INTO dbo.App_Error([ID],[Name],[Massege],[IsActive],[URL_Reference],[IsCheckOnProcName],[SubjectGroupID],[DBVersionID],[SeverityID])VALUES (150, N'Deprecated Code', N'CHECK keyword in CREATE TABLE and ALTER TABLE.', 1, N'http://msdn.microsoft.com/en-us/library/ms143729(v=sql.100).aspx', 0, 3, 10, 3)
IF NOT EXISTS(SELECT TOP (1) 1 FROM dbo.App_Error WHERE [ID] = 151)
INSERT INTO dbo.App_Error([ID],[Name],[Massege],[IsActive],[URL_Reference],[IsCheckOnProcName],[SubjectGroupID],[DBVersionID],[SeverityID])VALUES (151, N'Deprecated Code', N'REBUILD option of ALTER INDEX.', 1, N'http://msdn.microsoft.com/en-us/library/ms143729(v=sql.100).aspx', 0, 3, 10, 3)
IF NOT EXISTS(SELECT TOP (1) 1 FROM dbo.App_Error WHERE [ID] = 152)
INSERT INTO dbo.App_Error([ID],[Name],[Massege],[IsActive],[URL_Reference],[IsCheckOnProcName],[SubjectGroupID],[DBVersionID],[SeverityID])VALUES (152, N'Deprecated Code', N'REORGANIZE option of ALTER INDEX.', 1, N'http://msdn.microsoft.com/en-us/library/ms143729(v=sql.100).aspx', 0, 3, 10, 3)
IF NOT EXISTS(SELECT TOP (1) 1 FROM dbo.App_Error WHERE [ID] = 153)
INSERT INTO dbo.App_Error([ID],[Name],[Massege],[IsActive],[URL_Reference],[IsCheckOnProcName],[SubjectGroupID],[DBVersionID],[SeverityID])VALUES (153, N'Deprecated Code', N'sys.dm_db_index_physical_stats.', 1, N'http://msdn.microsoft.com/en-us/library/ms143729(v=sql.100).aspx', 0, 3, 10, 3)
IF NOT EXISTS(SELECT TOP (1) 1 FROM dbo.App_Error WHERE [ID] = 154)
INSERT INTO dbo.App_Error([ID],[Name],[Massege],[IsActive],[URL_Reference],[IsCheckOnProcName],[SubjectGroupID],[DBVersionID],[SeverityID])VALUES (154, N'Deprecated Code', N'Has no effect.', 1, N'http://msdn.microsoft.com/en-us/library/ms143729(v=sql.100).aspx', 0, 3, 10, 3)
IF NOT EXISTS(SELECT TOP (1) 1 FROM dbo.App_Error WHERE [ID] = 155)
INSERT INTO dbo.App_Error([ID],[Name],[Massege],[IsActive],[URL_Reference],[IsCheckOnProcName],[SubjectGroupID],[DBVersionID],[SeverityID])VALUES (155, N'Deprecated Code', N'srv_alloc, srv_convert, srv_describe, srv_getbindtoken, srv_got_attention, srv_message_handler, srv_paramdata, srv_paraminfo, srv_paramlen, srv_parammaxlen, srv_paramname, srv_paramnumber, srv_paramset, srv_paramsetoutput, srv_paramstatus, srv_paramtype, srv_pfield, srv_pfieldex, srv_rpcdb, srv_rpcname, srv_rpcnumber, srv_rpcoptions, srv_rpcowner, srv_rpcparams, srv_senddone, srv_sendmsg, srv_sendrow, srv_setcoldata, srv_setcollen, srv_setutype, srv_willconvert, srv_wsendmsg Use CLR Integration instead.', 1, N'http://msdn.microsoft.com/en-us/library/ms143729(v=sql.100).aspx', 0, 3, 10, 3)
IF NOT EXISTS(SELECT TOP (1) 1 FROM dbo.App_Error WHERE [ID] = 156)
INSERT INTO dbo.App_Error([ID],[Name],[Massege],[IsActive],[URL_Reference],[IsCheckOnProcName],[SubjectGroupID],[DBVersionID],[SeverityID])VALUES (156, N'Deprecated Code', N'Use sys.dm_exec_sql_text insted.', 1, N'http://msdn.microsoft.com/en-us/library/ms143729(v=sql.100).aspx', 0, 3, 10, 3)
IF NOT EXISTS(SELECT TOP (1) 1 FROM dbo.App_Error WHERE [ID] = 157)
INSERT INTO dbo.App_Error([ID],[Name],[Massege],[IsActive],[URL_Reference],[IsCheckOnProcName],[SubjectGroupID],[DBVersionID],[SeverityID])VALUES (157, N'Deprecated Code', N'GRANT, DENY, and REVOKE specific permissions.', 1, N'http://msdn.microsoft.com/en-us/library/ms143729(v=sql.100).aspx', 0, 3, 10, 3)
IF NOT EXISTS(SELECT TOP (1) 1 FROM dbo.App_Error WHERE [ID] = 160)
INSERT INTO dbo.App_Error([ID],[Name],[Massege],[IsActive],[URL_Reference],[IsCheckOnProcName],[SubjectGroupID],[DBVersionID],[SeverityID])VALUES (160, N'Deprecated Code', N'EXECUTE AS.', 1, N'http://msdn.microsoft.com/en-us/library/ms143729(v=sql.100).aspx', 0, 3, 10, 3)
IF NOT EXISTS(SELECT TOP (1) 1 FROM dbo.App_Error WHERE [ID] = 161)
INSERT INTO dbo.App_Error([ID],[Name],[Massege],[IsActive],[URL_Reference],[IsCheckOnProcName],[SubjectGroupID],[DBVersionID],[SeverityID])VALUES (161, N'Deprecated Code', N'none.', 1, N'http://msdn.microsoft.com/en-us/library/ms143729(v=sql.100).aspx', 0, 3, 10, 3)
IF NOT EXISTS(SELECT TOP (1) 1 FROM dbo.App_Error WHERE [ID] = 163)
INSERT INTO dbo.App_Error([ID],[Name],[Massege],[IsActive],[URL_Reference],[IsCheckOnProcName],[SubjectGroupID],[DBVersionID],[SeverityID])VALUES (163, N'Deprecated Code', N'use sys.dm_os_cluster_nodes instead.', 1, N'http://msdn.microsoft.com/en-us/library/ms143729(v=sql.100).aspx', 0, 3, 10, 3)
IF NOT EXISTS(SELECT TOP (1) 1 FROM dbo.App_Error WHERE [ID] = 164)
INSERT INTO dbo.App_Error([ID],[Name],[Massege],[IsActive],[URL_Reference],[IsCheckOnProcName],[SubjectGroupID],[DBVersionID],[SeverityID])VALUES (164, N'Deprecated Code', N' use sys.dm_io_cluster_shared_drives instead.', 1, N'http://msdn.microsoft.com/en-us/library/ms143729(v=sql.100).aspx', 0, 3, 10, 3)
IF NOT EXISTS(SELECT TOP (1) 1 FROM dbo.App_Error WHERE [ID] = 165)
INSERT INTO dbo.App_Error([ID],[Name],[Massege],[IsActive],[URL_Reference],[IsCheckOnProcName],[SubjectGroupID],[DBVersionID],[SeverityID])VALUES (165, N'Deprecated Code', N'Use custom case-by-case solution with UNION or derived table.', 1, N'http://msdn.microsoft.com/en-us/library/ms143729(v=sql.100).aspx', 0, 3, 10, 3)
IF NOT EXISTS(SELECT TOP (1) 1 FROM dbo.App_Error WHERE [ID] = 166)
INSERT INTO dbo.App_Error([ID],[Name],[Massege],[IsActive],[URL_Reference],[IsCheckOnProcName],[SubjectGroupID],[DBVersionID],[SeverityID])VALUES (166, N'CURSOR', N'Use CURSOR with LOCAL', 1, NULL, 0, 1, 9, 2)
IF NOT EXISTS(SELECT TOP (1) 1 FROM dbo.App_Error WHERE [ID] = 167)
INSERT INTO dbo.App_Error([ID],[Name],[Massege],[IsActive],[URL_Reference],[IsCheckOnProcName],[SubjectGroupID],[DBVersionID],[SeverityID])VALUES (167, N'Non-Compile Object', N'The module $DATA_TYPE$ - $OBJECT_NAME$ does not compile.', 1, NULL, 0, 6, 9, 4)




IF NOT EXISTS(SELECT TOP (1) 1 FROM dbo.App_RegexPettern WHERE [ID] = 1)
INSERT INTO dbo.App_RegexPettern([ID],[Regex])VALUES (1, N'(\w*WITH\b\s(\(?\s*\w*NOLOCK\b\s*\)?)|\(?\s*\w*NOLOCK\b\s*\)?)')
IF NOT EXISTS(SELECT TOP (1) 1 FROM dbo.App_RegexPettern WHERE [ID] = 2)
INSERT INTO dbo.App_RegexPettern([ID],[Regex])VALUES (2, N'\w*SELECT\b\s+[\W]+\*[\W]+\s+\w*FROM\b')
IF NOT EXISTS(SELECT TOP (1) 1 FROM dbo.App_RegexPettern WHERE [ID] = 3)
INSERT INTO dbo.App_RegexPettern([ID],[Regex])VALUES (3, N'(\w*WITH\b\s([\(,]\s*\w*INDEX\b\s*\()|[\(,]\s*\w*INDEX\b\s*\()')
IF NOT EXISTS(SELECT TOP (1) 1 FROM dbo.App_RegexPettern WHERE [ID] = 4)
INSERT INTO dbo.App_RegexPettern([ID],[Regex])VALUES (4, N'^[\w]*\.(?!usp)')
IF NOT EXISTS(SELECT TOP (1) 1 FROM dbo.App_RegexPettern WHERE [ID] = 5)
INSERT INTO dbo.App_RegexPettern([ID],[Regex])VALUES (5, N'\@\@\w*Identity\b')
IF NOT EXISTS(SELECT TOP (1) 1 FROM dbo.App_RegexPettern WHERE [ID] = 6)
INSERT INTO dbo.App_RegexPettern([ID],[Regex])VALUES (6, N'\w*SET\b\s*\w*ROWCOUNT\b')
IF NOT EXISTS(SELECT TOP (1) 1 FROM dbo.App_RegexPettern WHERE [ID] = 7)
INSERT INTO dbo.App_RegexPettern([ID],[Regex])VALUES (7, N'(\w*SET\b\s*\w*NOCOUNT\b\s*\w*ON\b)')
IF NOT EXISTS(SELECT TOP (1) 1 FROM dbo.App_RegexPettern WHERE [ID] = 8)
INSERT INTO dbo.App_RegexPettern([ID],[Regex])VALUES (8, N'((FROM|JOIN|APPLY)\s)(\[?[\w]+\]?(\.))')
IF NOT EXISTS(SELECT TOP (1) 1 FROM dbo.App_RegexPettern WHERE [ID] = 9)
INSERT INTO dbo.App_RegexPettern([ID],[Regex])VALUES (9, N'\w*WHERE\b\s[\w]?(\*\=)|(\=\*)')
IF NOT EXISTS(SELECT TOP (1) 1 FROM dbo.App_RegexPettern WHERE [ID] = 10)
INSERT INTO dbo.App_RegexPettern([ID],[Regex])VALUES (10, N'\@\@\w*remserver\b')
IF NOT EXISTS(SELECT TOP (1) 1 FROM dbo.App_RegexPettern WHERE [ID] = 15)
INSERT INTO dbo.App_RegexPettern([ID],[Regex])VALUES (15, N'\s[#]{1,2}\s')
IF NOT EXISTS(SELECT TOP (1) 1 FROM dbo.App_RegexPettern WHERE [ID] = 16)
INSERT INTO dbo.App_RegexPettern([ID],[Regex])VALUES (16, N'\s[@]{1,2}\s')
IF NOT EXISTS(SELECT TOP (1) 1 FROM dbo.App_RegexPettern WHERE [ID] = 17)
INSERT INTO dbo.App_RegexPettern([ID],[Regex])VALUES (17, N'\w*sp_addapprole\b')
IF NOT EXISTS(SELECT TOP (1) 1 FROM dbo.App_RegexPettern WHERE [ID] = 18)
INSERT INTO dbo.App_RegexPettern([ID],[Regex])VALUES (18, N'\w*sp_addextendedproc\b')
IF NOT EXISTS(SELECT TOP (1) 1 FROM dbo.App_RegexPettern WHERE [ID] = 19)
INSERT INTO dbo.App_RegexPettern([ID],[Regex])VALUES (19, N'\w*sp_addlogin\b')
IF NOT EXISTS(SELECT TOP (1) 1 FROM dbo.App_RegexPettern WHERE [ID] = 20)
INSERT INTO dbo.App_RegexPettern([ID],[Regex])VALUES (20, N'\w*sp_addremotelogin\b')
IF NOT EXISTS(SELECT TOP (1) 1 FROM dbo.App_RegexPettern WHERE [ID] = 21)
INSERT INTO dbo.App_RegexPettern([ID],[Regex])VALUES (21, N'\w*sp_addrole\b')
IF NOT EXISTS(SELECT TOP (1) 1 FROM dbo.App_RegexPettern WHERE [ID] = 22)
INSERT INTO dbo.App_RegexPettern([ID],[Regex])VALUES (22, N'\w*sp_addserver\b')
IF NOT EXISTS(SELECT TOP (1) 1 FROM dbo.App_RegexPettern WHERE [ID] = 23)
INSERT INTO dbo.App_RegexPettern([ID],[Regex])VALUES (23, N'\w*sp_addtype\b')
IF NOT EXISTS(SELECT TOP (1) 1 FROM dbo.App_RegexPettern WHERE [ID] = 24)
INSERT INTO dbo.App_RegexPettern([ID],[Regex])VALUES (24, N'\w*sp_adduser\b')
IF NOT EXISTS(SELECT TOP (1) 1 FROM dbo.App_RegexPettern WHERE [ID] = 25)
INSERT INTO dbo.App_RegexPettern([ID],[Regex])VALUES (25, N'\w*sp_approlepassword\b')
IF NOT EXISTS(SELECT TOP (1) 1 FROM dbo.App_RegexPettern WHERE [ID] = 26)
INSERT INTO dbo.App_RegexPettern([ID],[Regex])VALUES (26, N'\w*sp_attach_db\b')
IF NOT EXISTS(SELECT TOP (1) 1 FROM dbo.App_RegexPettern WHERE [ID] = 27)
INSERT INTO dbo.App_RegexPettern([ID],[Regex])VALUES (27, N'\w*sp_attach_single_file_db\b')
IF NOT EXISTS(SELECT TOP (1) 1 FROM dbo.App_RegexPettern WHERE [ID] = 28)
INSERT INTO dbo.App_RegexPettern([ID],[Regex])VALUES (28, N'\w*sp_bindefault\b')
IF NOT EXISTS(SELECT TOP (1) 1 FROM dbo.App_RegexPettern WHERE [ID] = 29)
INSERT INTO dbo.App_RegexPettern([ID],[Regex])VALUES (29, N'\w*sp_bindrule\b')
IF NOT EXISTS(SELECT TOP (1) 1 FROM dbo.App_RegexPettern WHERE [ID] = 30)
INSERT INTO dbo.App_RegexPettern([ID],[Regex])VALUES (30, N'\w*sp_bindsession\b')
IF NOT EXISTS(SELECT TOP (1) 1 FROM dbo.App_RegexPettern WHERE [ID] = 31)
INSERT INTO dbo.App_RegexPettern([ID],[Regex])VALUES (31, N'\w*sp_certify_removable\b')
IF NOT EXISTS(SELECT TOP (1) 1 FROM dbo.App_RegexPettern WHERE [ID] = 32)
INSERT INTO dbo.App_RegexPettern([ID],[Regex])VALUES (32, N'\w*sp_changeobjectowner\b')
IF NOT EXISTS(SELECT TOP (1) 1 FROM dbo.App_RegexPettern WHERE [ID] = 33)
INSERT INTO dbo.App_RegexPettern([ID],[Regex])VALUES (33, N'\w*sp_change_users_login\b')
IF NOT EXISTS(SELECT TOP (1) 1 FROM dbo.App_RegexPettern WHERE [ID] = 34)
INSERT INTO dbo.App_RegexPettern([ID],[Regex])VALUES (34, N'\w*sp_configure\b\s+(''|'''')allow updates(''|'''')')
IF NOT EXISTS(SELECT TOP (1) 1 FROM dbo.App_RegexPettern WHERE [ID] = 35)
INSERT INTO dbo.App_RegexPettern([ID],[Regex])VALUES (35, N'\w*sp_configure\b\s+(''|'''')disallow results from triggers(''|'''')')
IF NOT EXISTS(SELECT TOP (1) 1 FROM dbo.App_RegexPettern WHERE [ID] = 36)
INSERT INTO dbo.App_RegexPettern([ID],[Regex])VALUES (36, N'\w*sp_configure\b\s+(''|'''')ft crawl bandwidth \(max\)(''|'''')')
IF NOT EXISTS(SELECT TOP (1) 1 FROM dbo.App_RegexPettern WHERE [ID] = 37)
INSERT INTO dbo.App_RegexPettern([ID],[Regex])VALUES (37, N'\w*sp_configure\b\s+(''|'''')ft crawl bandwidth \(min\)(''|'''')')
IF NOT EXISTS(SELECT TOP (1) 1 FROM dbo.App_RegexPettern WHERE [ID] = 38)
INSERT INTO dbo.App_RegexPettern([ID],[Regex])VALUES (38, N'\w*sp_configure\b\s+(''|'''')ft notify bandwidth \(max\)(''|'''')')
IF NOT EXISTS(SELECT TOP (1) 1 FROM dbo.App_RegexPettern WHERE [ID] = 39)
INSERT INTO dbo.App_RegexPettern([ID],[Regex])VALUES (39, N'\w*sp_configure\b\s+(''|'''')ft notify bandwidth \(min\)(''|'''')')
IF NOT EXISTS(SELECT TOP (1) 1 FROM dbo.App_RegexPettern WHERE [ID] = 40)
INSERT INTO dbo.App_RegexPettern([ID],[Regex])VALUES (40, N'\w*sp_configure\b\s+(''|'''')locks(''|'''')')
IF NOT EXISTS(SELECT TOP (1) 1 FROM dbo.App_RegexPettern WHERE [ID] = 41)
INSERT INTO dbo.App_RegexPettern([ID],[Regex])VALUES (41, N'\w*sp_configure\b\s+(''|'''')open objects(''|'''')')
IF NOT EXISTS(SELECT TOP (1) 1 FROM dbo.App_RegexPettern WHERE [ID] = 42)
INSERT INTO dbo.App_RegexPettern([ID],[Regex])VALUES (42, N'\w*sp_configure\b\s+(''|'''')priority boost(''|'''')')
IF NOT EXISTS(SELECT TOP (1) 1 FROM dbo.App_RegexPettern WHERE [ID] = 43)
INSERT INTO dbo.App_RegexPettern([ID],[Regex])VALUES (43, N'\w*sp_configure\b\s+(''|'''')remote proc trans(''|'''')')
IF NOT EXISTS(SELECT TOP (1) 1 FROM dbo.App_RegexPettern WHERE [ID] = 44)
INSERT INTO dbo.App_RegexPettern([ID],[Regex])VALUES (44, N'\w*sp_configure\b\s+(''|'''')set working set size(''|'''')')
IF NOT EXISTS(SELECT TOP (1) 1 FROM dbo.App_RegexPettern WHERE [ID] = 45)
INSERT INTO dbo.App_RegexPettern([ID],[Regex])VALUES (45, N'\w*sp_create_removable\b')
IF NOT EXISTS(SELECT TOP (1) 1 FROM dbo.App_RegexPettern WHERE [ID] = 46)
INSERT INTO dbo.App_RegexPettern([ID],[Regex])VALUES (46, N'\w*sp_db_vardecimal_storage_format\b')
IF NOT EXISTS(SELECT TOP (1) 1 FROM dbo.App_RegexPettern WHERE [ID] = 47)
INSERT INTO dbo.App_RegexPettern([ID],[Regex])VALUES (47, N'\w*sp_dbcmptlevel\b')
IF NOT EXISTS(SELECT TOP (1) 1 FROM dbo.App_RegexPettern WHERE [ID] = 48)
INSERT INTO dbo.App_RegexPettern([ID],[Regex])VALUES (48, N'\w*sp_dbfixedrolepermission\b')
IF NOT EXISTS(SELECT TOP (1) 1 FROM dbo.App_RegexPettern WHERE [ID] = 49)
INSERT INTO dbo.App_RegexPettern([ID],[Regex])VALUES (49, N'\w*sp_dboption\b')
IF NOT EXISTS(SELECT TOP (1) 1 FROM dbo.App_RegexPettern WHERE [ID] = 50)
INSERT INTO dbo.App_RegexPettern([ID],[Regex])VALUES (50, N'\w*sp_dbremove\b')
IF NOT EXISTS(SELECT TOP (1) 1 FROM dbo.App_RegexPettern WHERE [ID] = 51)
INSERT INTO dbo.App_RegexPettern([ID],[Regex])VALUES (51, N'\w*sp_defaultdb\b')
IF NOT EXISTS(SELECT TOP (1) 1 FROM dbo.App_RegexPettern WHERE [ID] = 52)
INSERT INTO dbo.App_RegexPettern([ID],[Regex])VALUES (52, N'\w*sp_defaultlanguage\b')
IF NOT EXISTS(SELECT TOP (1) 1 FROM dbo.App_RegexPettern WHERE [ID] = 53)
INSERT INTO dbo.App_RegexPettern([ID],[Regex])VALUES (53, N'\w*sp_denylogin\b')
IF NOT EXISTS(SELECT TOP (1) 1 FROM dbo.App_RegexPettern WHERE [ID] = 54)
INSERT INTO dbo.App_RegexPettern([ID],[Regex])VALUES (54, N'\w*sp_depends\b')
IF NOT EXISTS(SELECT TOP (1) 1 FROM dbo.App_RegexPettern WHERE [ID] = 55)
INSERT INTO dbo.App_RegexPettern([ID],[Regex])VALUES (55, N'\w*sp_detach_db\b\s+@keepfulltextindexfile')
IF NOT EXISTS(SELECT TOP (1) 1 FROM dbo.App_RegexPettern WHERE [ID] = 56)
INSERT INTO dbo.App_RegexPettern([ID],[Regex])VALUES (56, N'\w*sp_dropalias\b')
IF NOT EXISTS(SELECT TOP (1) 1 FROM dbo.App_RegexPettern WHERE [ID] = 57)
INSERT INTO dbo.App_RegexPettern([ID],[Regex])VALUES (57, N'\w*sp_dropapprole\b')
IF NOT EXISTS(SELECT TOP (1) 1 FROM dbo.App_RegexPettern WHERE [ID] = 58)
INSERT INTO dbo.App_RegexPettern([ID],[Regex])VALUES (58, N'\w*sp_dropextendedproc\b')
IF NOT EXISTS(SELECT TOP (1) 1 FROM dbo.App_RegexPettern WHERE [ID] = 59)
INSERT INTO dbo.App_RegexPettern([ID],[Regex])VALUES (59, N'\w*sp_droplogin\b')
IF NOT EXISTS(SELECT TOP (1) 1 FROM dbo.App_RegexPettern WHERE [ID] = 60)
INSERT INTO dbo.App_RegexPettern([ID],[Regex])VALUES (60, N'\w*sp_dropremotelogin\b')
IF NOT EXISTS(SELECT TOP (1) 1 FROM dbo.App_RegexPettern WHERE [ID] = 61)
INSERT INTO dbo.App_RegexPettern([ID],[Regex])VALUES (61, N'\w*sp_droprole\b')
IF NOT EXISTS(SELECT TOP (1) 1 FROM dbo.App_RegexPettern WHERE [ID] = 62)
INSERT INTO dbo.App_RegexPettern([ID],[Regex])VALUES (62, N'\w*sp_droptype\b')
IF NOT EXISTS(SELECT TOP (1) 1 FROM dbo.App_RegexPettern WHERE [ID] = 63)
INSERT INTO dbo.App_RegexPettern([ID],[Regex])VALUES (63, N'\w*sp_dropuser\b')
IF NOT EXISTS(SELECT TOP (1) 1 FROM dbo.App_RegexPettern WHERE [ID] = 64)
INSERT INTO dbo.App_RegexPettern([ID],[Regex])VALUES (64, N'\w*sp_estimated_rowsize_reduction_for_vardecimal\b')
IF NOT EXISTS(SELECT TOP (1) 1 FROM dbo.App_RegexPettern WHERE [ID] = 65)
INSERT INTO dbo.App_RegexPettern([ID],[Regex])VALUES (65, N'\w*sp_fulltext_catalog\b')
IF NOT EXISTS(SELECT TOP (1) 1 FROM dbo.App_RegexPettern WHERE [ID] = 66)
INSERT INTO dbo.App_RegexPettern([ID],[Regex])VALUES (66, N'\w*sp_fulltext_column\b')
IF NOT EXISTS(SELECT TOP (1) 1 FROM dbo.App_RegexPettern WHERE [ID] = 67)
INSERT INTO dbo.App_RegexPettern([ID],[Regex])VALUES (67, N'\w*sp_fulltext_database\b')
IF NOT EXISTS(SELECT TOP (1) 1 FROM dbo.App_RegexPettern WHERE [ID] = 68)
INSERT INTO dbo.App_RegexPettern([ID],[Regex])VALUES (68, N'\w*sp_fulltext_service\b\s+@action\s*=\s*\w*clean_up\b')
IF NOT EXISTS(SELECT TOP (1) 1 FROM dbo.App_RegexPettern WHERE [ID] = 69)
INSERT INTO dbo.App_RegexPettern([ID],[Regex])VALUES (69, N'\w*sp_fulltext_service\b\s+@action\s*=\s*\w*connect_timeout\b')
IF NOT EXISTS(SELECT TOP (1) 1 FROM dbo.App_RegexPettern WHERE [ID] = 70)
INSERT INTO dbo.App_RegexPettern([ID],[Regex])VALUES (70, N'\w*sp_fulltext_service\b\s+@action\s*=\s*\w*data_timeout\b')
IF NOT EXISTS(SELECT TOP (1) 1 FROM dbo.App_RegexPettern WHERE [ID] = 71)
INSERT INTO dbo.App_RegexPettern([ID],[Regex])VALUES (71, N'\w*sp_fulltext_service\b\s+@action\s*=\s*\w*resource_usage\b')
IF NOT EXISTS(SELECT TOP (1) 1 FROM dbo.App_RegexPettern WHERE [ID] = 72)
INSERT INTO dbo.App_RegexPettern([ID],[Regex])VALUES (72, N'\w*sp_fulltext_table\b')
IF NOT EXISTS(SELECT TOP (1) 1 FROM dbo.App_RegexPettern WHERE [ID] = 73)
INSERT INTO dbo.App_RegexPettern([ID],[Regex])VALUES (73, N'\w*sp_getbindtoken\b')
IF NOT EXISTS(SELECT TOP (1) 1 FROM dbo.App_RegexPettern WHERE [ID] = 74)
INSERT INTO dbo.App_RegexPettern([ID],[Regex])VALUES (74, N'\w*sp_grantdbaccess\b')
IF NOT EXISTS(SELECT TOP (1) 1 FROM dbo.App_RegexPettern WHERE [ID] = 75)
INSERT INTO dbo.App_RegexPettern([ID],[Regex])VALUES (75, N'\w*sp_grantlogin\b')
IF NOT EXISTS(SELECT TOP (1) 1 FROM dbo.App_RegexPettern WHERE [ID] = 76)
INSERT INTO dbo.App_RegexPettern([ID],[Regex])VALUES (76, N'\w*sp_help_fulltext_catalog_components\b')
IF NOT EXISTS(SELECT TOP (1) 1 FROM dbo.App_RegexPettern WHERE [ID] = 77)
INSERT INTO dbo.App_RegexPettern([ID],[Regex])VALUES (77, N'\w*sp_help_fulltext_catalogs\b')
IF NOT EXISTS(SELECT TOP (1) 1 FROM dbo.App_RegexPettern WHERE [ID] = 78)
INSERT INTO dbo.App_RegexPettern([ID],[Regex])VALUES (78, N'\w*sp_help_fulltext_catalogs_cursor\b')
IF NOT EXISTS(SELECT TOP (1) 1 FROM dbo.App_RegexPettern WHERE [ID] = 79)
INSERT INTO dbo.App_RegexPettern([ID],[Regex])VALUES (79, N'\w*sp_help_fulltext_columns\b')
IF NOT EXISTS(SELECT TOP (1) 1 FROM dbo.App_RegexPettern WHERE [ID] = 80)
INSERT INTO dbo.App_RegexPettern([ID],[Regex])VALUES (80, N'\w*sp_help_fulltext_columns_cursor\b')
IF NOT EXISTS(SELECT TOP (1) 1 FROM dbo.App_RegexPettern WHERE [ID] = 81)
INSERT INTO dbo.App_RegexPettern([ID],[Regex])VALUES (81, N'\w*sp_help_fulltext_tables\b')
IF NOT EXISTS(SELECT TOP (1) 1 FROM dbo.App_RegexPettern WHERE [ID] = 82)
INSERT INTO dbo.App_RegexPettern([ID],[Regex])VALUES (82, N'\w*sp_help_fulltext_tables_cursor\b')
IF NOT EXISTS(SELECT TOP (1) 1 FROM dbo.App_RegexPettern WHERE [ID] = 83)
INSERT INTO dbo.App_RegexPettern([ID],[Regex])VALUES (83, N'\w*sp_helpdevice\b')
IF NOT EXISTS(SELECT TOP (1) 1 FROM dbo.App_RegexPettern WHERE [ID] = 84)
INSERT INTO dbo.App_RegexPettern([ID],[Regex])VALUES (84, N'\w*sp_helpextendedproc\b')
IF NOT EXISTS(SELECT TOP (1) 1 FROM dbo.App_RegexPettern WHERE [ID] = 85)
INSERT INTO dbo.App_RegexPettern([ID],[Regex])VALUES (85, N'\w*sp_helpremotelogin\b')
IF NOT EXISTS(SELECT TOP (1) 1 FROM dbo.App_RegexPettern WHERE [ID] = 86)
INSERT INTO dbo.App_RegexPettern([ID],[Regex])VALUES (86, N'\w*sp_indexoption\b')
IF NOT EXISTS(SELECT TOP (1) 1 FROM dbo.App_RegexPettern WHERE [ID] = 87)
INSERT INTO dbo.App_RegexPettern([ID],[Regex])VALUES (87, N'\w*sp_lock\b')
IF NOT EXISTS(SELECT TOP (1) 1 FROM dbo.App_RegexPettern WHERE [ID] = 88)
INSERT INTO dbo.App_RegexPettern([ID],[Regex])VALUES (88, N'\w*sp_password\b')
IF NOT EXISTS(SELECT TOP (1) 1 FROM dbo.App_RegexPettern WHERE [ID] = 89)
INSERT INTO dbo.App_RegexPettern([ID],[Regex])VALUES (89, N'\w*sp_remoteoption\b')
IF NOT EXISTS(SELECT TOP (1) 1 FROM dbo.App_RegexPettern WHERE [ID] = 90)
INSERT INTO dbo.App_RegexPettern([ID],[Regex])VALUES (90, N'\w*sp_renamedb\b')
IF NOT EXISTS(SELECT TOP (1) 1 FROM dbo.App_RegexPettern WHERE [ID] = 91)
INSERT INTO dbo.App_RegexPettern([ID],[Regex])VALUES (91, N'\w*sp_resetstatus\b')
IF NOT EXISTS(SELECT TOP (1) 1 FROM dbo.App_RegexPettern WHERE [ID] = 92)
INSERT INTO dbo.App_RegexPettern([ID],[Regex])VALUES (92, N'\w*sp_revokedbaccess\b')
IF NOT EXISTS(SELECT TOP (1) 1 FROM dbo.App_RegexPettern WHERE [ID] = 93)
INSERT INTO dbo.App_RegexPettern([ID],[Regex])VALUES (93, N'\w*sp_revokelogin\b')
IF NOT EXISTS(SELECT TOP (1) 1 FROM dbo.App_RegexPettern WHERE [ID] = 94)
INSERT INTO dbo.App_RegexPettern([ID],[Regex])VALUES (94, N'\w*sp_srvrolepermission\b')
IF NOT EXISTS(SELECT TOP (1) 1 FROM dbo.App_RegexPettern WHERE [ID] = 95)
INSERT INTO dbo.App_RegexPettern([ID],[Regex])VALUES (95, N'\w*sp_unbindefault\b')
IF NOT EXISTS(SELECT TOP (1) 1 FROM dbo.App_RegexPettern WHERE [ID] = 96)
INSERT INTO dbo.App_RegexPettern([ID],[Regex])VALUES (96, N'\w*sp_unbindrule\b')
IF NOT EXISTS(SELECT TOP (1) 1 FROM dbo.App_RegexPettern WHERE [ID] = 97)
INSERT INTO dbo.App_RegexPettern([ID],[Regex])VALUES (97, N'\w*SQL_AltDiction_CP1253_CS_AS\b')
IF NOT EXISTS(SELECT TOP (1) 1 FROM dbo.App_RegexPettern WHERE [ID] = 98)
INSERT INTO dbo.App_RegexPettern([ID],[Regex])VALUES (98, N'\bstring\b')
IF NOT EXISTS(SELECT TOP (1) 1 FROM dbo.App_RegexPettern WHERE [ID] = 99)
INSERT INTO dbo.App_RegexPettern([ID],[Regex])VALUES (99, N'\w*sys\b\s*\.\s*\w*sql_dependencies\b')
IF NOT EXISTS(SELECT TOP (1) 1 FROM dbo.App_RegexPettern WHERE [ID] = 100)
INSERT INTO dbo.App_RegexPettern([ID],[Regex])VALUES (100, N'\w*sysaltfiles\b')
IF NOT EXISTS(SELECT TOP (1) 1 FROM dbo.App_RegexPettern WHERE [ID] = 101)
INSERT INTO dbo.App_RegexPettern([ID],[Regex])VALUES (101, N'\w*syscacheobjects\b')
IF NOT EXISTS(SELECT TOP (1) 1 FROM dbo.App_RegexPettern WHERE [ID] = 102)
INSERT INTO dbo.App_RegexPettern([ID],[Regex])VALUES (102, N'\w*syscolumns\b')
IF NOT EXISTS(SELECT TOP (1) 1 FROM dbo.App_RegexPettern WHERE [ID] = 103)
INSERT INTO dbo.App_RegexPettern([ID],[Regex])VALUES (103, N'\w*syscomments\b')
IF NOT EXISTS(SELECT TOP (1) 1 FROM dbo.App_RegexPettern WHERE [ID] = 104)
INSERT INTO dbo.App_RegexPettern([ID],[Regex])VALUES (104, N'\w*sysconfigures\b')
IF NOT EXISTS(SELECT TOP (1) 1 FROM dbo.App_RegexPettern WHERE [ID] = 105)
INSERT INTO dbo.App_RegexPettern([ID],[Regex])VALUES (105, N'\w*sysconstraints\b')
IF NOT EXISTS(SELECT TOP (1) 1 FROM dbo.App_RegexPettern WHERE [ID] = 106)
INSERT INTO dbo.App_RegexPettern([ID],[Regex])VALUES (106, N'\w*syscurconfigs\b')
IF NOT EXISTS(SELECT TOP (1) 1 FROM dbo.App_RegexPettern WHERE [ID] = 107)
INSERT INTO dbo.App_RegexPettern([ID],[Regex])VALUES (107, N'\w*sysdatabases\b')
IF NOT EXISTS(SELECT TOP (1) 1 FROM dbo.App_RegexPettern WHERE [ID] = 108)
INSERT INTO dbo.App_RegexPettern([ID],[Regex])VALUES (108, N'\w*sysdepends\b')
IF NOT EXISTS(SELECT TOP (1) 1 FROM dbo.App_RegexPettern WHERE [ID] = 109)
INSERT INTO dbo.App_RegexPettern([ID],[Regex])VALUES (109, N'\w*sysdevices\b')
IF NOT EXISTS(SELECT TOP (1) 1 FROM dbo.App_RegexPettern WHERE [ID] = 110)
INSERT INTO dbo.App_RegexPettern([ID],[Regex])VALUES (110, N'\w*sysfilegroups\b')
IF NOT EXISTS(SELECT TOP (1) 1 FROM dbo.App_RegexPettern WHERE [ID] = 111)
INSERT INTO dbo.App_RegexPettern([ID],[Regex])VALUES (111, N'\w*sysfiles\b')
IF NOT EXISTS(SELECT TOP (1) 1 FROM dbo.App_RegexPettern WHERE [ID] = 112)
INSERT INTO dbo.App_RegexPettern([ID],[Regex])VALUES (112, N'\w*sysforeignkeys\b')
IF NOT EXISTS(SELECT TOP (1) 1 FROM dbo.App_RegexPettern WHERE [ID] = 114)
INSERT INTO dbo.App_RegexPettern([ID],[Regex])VALUES (114, N'\w*sysfulltextcatalogs\b')
IF NOT EXISTS(SELECT TOP (1) 1 FROM dbo.App_RegexPettern WHERE [ID] = 115)
INSERT INTO dbo.App_RegexPettern([ID],[Regex])VALUES (115, N'\w*sysindexes\b')
IF NOT EXISTS(SELECT TOP (1) 1 FROM dbo.App_RegexPettern WHERE [ID] = 116)
INSERT INTO dbo.App_RegexPettern([ID],[Regex])VALUES (116, N'\w*sysindexkeys\b')
IF NOT EXISTS(SELECT TOP (1) 1 FROM dbo.App_RegexPettern WHERE [ID] = 117)
INSERT INTO dbo.App_RegexPettern([ID],[Regex])VALUES (117, N'\w*syslockinfo\b')
IF NOT EXISTS(SELECT TOP (1) 1 FROM dbo.App_RegexPettern WHERE [ID] = 118)
INSERT INTO dbo.App_RegexPettern([ID],[Regex])VALUES (118, N'\w*syslogins\b')
IF NOT EXISTS(SELECT TOP (1) 1 FROM dbo.App_RegexPettern WHERE [ID] = 119)
INSERT INTO dbo.App_RegexPettern([ID],[Regex])VALUES (119, N'\w*sysmembers\b')
IF NOT EXISTS(SELECT TOP (1) 1 FROM dbo.App_RegexPettern WHERE [ID] = 120)
INSERT INTO dbo.App_RegexPettern([ID],[Regex])VALUES (120, N'\w*sysmessages\b')
IF NOT EXISTS(SELECT TOP (1) 1 FROM dbo.App_RegexPettern WHERE [ID] = 121)
INSERT INTO dbo.App_RegexPettern([ID],[Regex])VALUES (121, N'\w*sysobjects\b')
IF NOT EXISTS(SELECT TOP (1) 1 FROM dbo.App_RegexPettern WHERE [ID] = 122)
INSERT INTO dbo.App_RegexPettern([ID],[Regex])VALUES (122, N'\w*sysoledbusers\b')
IF NOT EXISTS(SELECT TOP (1) 1 FROM dbo.App_RegexPettern WHERE [ID] = 123)
INSERT INTO dbo.App_RegexPettern([ID],[Regex])VALUES (123, N'\w*sysopentapes\b')
IF NOT EXISTS(SELECT TOP (1) 1 FROM dbo.App_RegexPettern WHERE [ID] = 124)
INSERT INTO dbo.App_RegexPettern([ID],[Regex])VALUES (124, N'\w*sysperfinfo\b')
IF NOT EXISTS(SELECT TOP (1) 1 FROM dbo.App_RegexPettern WHERE [ID] = 125)
INSERT INTO dbo.App_RegexPettern([ID],[Regex])VALUES (125, N'\w*syspermissions\b')
IF NOT EXISTS(SELECT TOP (1) 1 FROM dbo.App_RegexPettern WHERE [ID] = 126)
INSERT INTO dbo.App_RegexPettern([ID],[Regex])VALUES (126, N'\w*sysprocesses\b')
IF NOT EXISTS(SELECT TOP (1) 1 FROM dbo.App_RegexPettern WHERE [ID] = 127)
INSERT INTO dbo.App_RegexPettern([ID],[Regex])VALUES (127, N'\w*sysprotects\b')
IF NOT EXISTS(SELECT TOP (1) 1 FROM dbo.App_RegexPettern WHERE [ID] = 128)
INSERT INTO dbo.App_RegexPettern([ID],[Regex])VALUES (128, N'\w*sysreferences\b')
IF NOT EXISTS(SELECT TOP (1) 1 FROM dbo.App_RegexPettern WHERE [ID] = 129)
INSERT INTO dbo.App_RegexPettern([ID],[Regex])VALUES (129, N'\w*sysremotelogins\b')
IF NOT EXISTS(SELECT TOP (1) 1 FROM dbo.App_RegexPettern WHERE [ID] = 130)
INSERT INTO dbo.App_RegexPettern([ID],[Regex])VALUES (130, N'\w*sysservers\b')
IF NOT EXISTS(SELECT TOP (1) 1 FROM dbo.App_RegexPettern WHERE [ID] = 131)
INSERT INTO dbo.App_RegexPettern([ID],[Regex])VALUES (131, N'\w*systypes\b')
IF NOT EXISTS(SELECT TOP (1) 1 FROM dbo.App_RegexPettern WHERE [ID] = 132)
INSERT INTO dbo.App_RegexPettern([ID],[Regex])VALUES (132, N'\w*sysusers\b')
IF NOT EXISTS(SELECT TOP (1) 1 FROM dbo.App_RegexPettern WHERE [ID] = 133)
INSERT INTO dbo.App_RegexPettern([ID],[Regex])VALUES (133, N'TODO(Table hint without WITH)')
IF NOT EXISTS(SELECT TOP (1) 1 FROM dbo.App_RegexPettern WHERE [ID] = 134)
INSERT INTO dbo.App_RegexPettern([ID],[Regex])VALUES (134, N'TODO(Text in row table option)')
IF NOT EXISTS(SELECT TOP (1) 1 FROM dbo.App_RegexPettern WHERE [ID] = 135)
INSERT INTO dbo.App_RegexPettern([ID],[Regex])VALUES (135, N'\w*TEXTPTR\b')
IF NOT EXISTS(SELECT TOP (1) 1 FROM dbo.App_RegexPettern WHERE [ID] = 136)
INSERT INTO dbo.App_RegexPettern([ID],[Regex])VALUES (136, N'\w*TEXTVALID\b')
IF NOT EXISTS(SELECT TOP (1) 1 FROM dbo.App_RegexPettern WHERE [ID] = 137)
INSERT INTO dbo.App_RegexPettern([ID],[Regex])VALUES (137, N'\w*TIMESTAMP\b')
IF NOT EXISTS(SELECT TOP (1) 1 FROM dbo.App_RegexPettern WHERE [ID] = 138)
INSERT INTO dbo.App_RegexPettern([ID],[Regex])VALUES (138, N'\w*UPDATETEXT|WRITETEXT\b')
IF NOT EXISTS(SELECT TOP (1) 1 FROM dbo.App_RegexPettern WHERE [ID] = 139)
INSERT INTO dbo.App_RegexPettern([ID],[Regex])VALUES (139, N'\w*USER_ID\b')
IF NOT EXISTS(SELECT TOP (1) 1 FROM dbo.App_RegexPettern WHERE [ID] = 140)
INSERT INTO dbo.App_RegexPettern([ID],[Regex])VALUES (140, N'TODO(Vardecimal storage format)')
IF NOT EXISTS(SELECT TOP (1) 1 FROM dbo.App_RegexPettern WHERE [ID] = 141)
INSERT INTO dbo.App_RegexPettern([ID],[Regex])VALUES (141, N'\w*XMLDATA\b')
IF NOT EXISTS(SELECT TOP (1) 1 FROM dbo.App_RegexPettern WHERE [ID] = 142)
INSERT INTO dbo.App_RegexPettern([ID],[Regex])VALUES (142, N'\w*XP_API\b')
IF NOT EXISTS(SELECT TOP (1) 1 FROM dbo.App_RegexPettern WHERE [ID] = 143)
INSERT INTO dbo.App_RegexPettern([ID],[Regex])VALUES (143, N'\w*xp_grantlogin\b')
IF NOT EXISTS(SELECT TOP (1) 1 FROM dbo.App_RegexPettern WHERE [ID] = 144)
INSERT INTO dbo.App_RegexPettern([ID],[Regex])VALUES (144, N'\w*xp_loginconfig\b')
IF NOT EXISTS(SELECT TOP (1) 1 FROM dbo.App_RegexPettern WHERE [ID] = 145)
INSERT INTO dbo.App_RegexPettern([ID],[Regex])VALUES (145, N'\w*xp_revokelogin\b')
IF NOT EXISTS(SELECT TOP (1) 1 FROM dbo.App_RegexPettern WHERE [ID] = 146)
INSERT INTO dbo.App_RegexPettern([ID],[Regex])VALUES (146, N'\w*FASTFIRSTROW\b')
IF NOT EXISTS(SELECT TOP (1) 1 FROM dbo.App_RegexPettern WHERE [ID] = 147)
INSERT INTO dbo.App_RegexPettern([ID],[Regex])VALUES (147, N'\w*\sCOMPUTE\b')
IF NOT EXISTS(SELECT TOP (1) 1 FROM dbo.App_RegexPettern WHERE [ID] = 148)
INSERT INTO dbo.App_RegexPettern([ID],[Regex])VALUES (148, N'\w*sys\b\s*\.\s*\w*database_principal_aliases\b')
IF NOT EXISTS(SELECT TOP (1) 1 FROM dbo.App_RegexPettern WHERE [ID] = 149)
INSERT INTO dbo.App_RegexPettern([ID],[Regex])VALUES (149, N'(\w*CREATE\b|\w*DROP\b)\s\w*DEFAULT\b')
IF NOT EXISTS(SELECT TOP (1) 1 FROM dbo.App_RegexPettern WHERE [ID] = 150)
INSERT INTO dbo.App_RegexPettern([ID],[Regex])VALUES (150, N'(\w*CREATE\b|\w*DROP\b)\s\w*RULE\b')
IF NOT EXISTS(SELECT TOP (1) 1 FROM dbo.App_RegexPettern WHERE [ID] = 151)
INSERT INTO dbo.App_RegexPettern([ID],[Regex])VALUES (151, N'\w*DBCC\b\s+\w*DBREINDEX\b')
IF NOT EXISTS(SELECT TOP (1) 1 FROM dbo.App_RegexPettern WHERE [ID] = 152)
INSERT INTO dbo.App_RegexPettern([ID],[Regex])VALUES (152, N'\w*DBCC\b\s+\w*INDEXDEFRAG\b')
IF NOT EXISTS(SELECT TOP (1) 1 FROM dbo.App_RegexPettern WHERE [ID] = 153)
INSERT INTO dbo.App_RegexPettern([ID],[Regex])VALUES (153, N'\w*DBCC\b\s+\w*SHOWCONTIG\b')
IF NOT EXISTS(SELECT TOP (1) 1 FROM dbo.App_RegexPettern WHERE [ID] = 154)
INSERT INTO dbo.App_RegexPettern([ID],[Regex])VALUES (154, N'\w*DBCC\b\s+(\w*PINTABLE\b|UN\w*PINTABLE\b)')
IF NOT EXISTS(SELECT TOP (1) 1 FROM dbo.App_RegexPettern WHERE [ID] = 155)
INSERT INTO dbo.App_RegexPettern([ID],[Regex])VALUES (155, N'\w*srv_alloc\b|\w*srv_convert\b|\w*srv_describe\b|\w*srv_getbindtoken\b|\w*srv_got_attention\b|\w*srv_message_handler\b|\w*srv_paramdata\b|\w*srv_paraminfo\b|\w*srv_paramlen\b|\w*srv_parammaxlen\b|\w*srv_paramname\b|\w*srv_paramnumber\b|\w*srv_paramset\b|\w*srv_paramsetoutput\b|\w*srv_paramstatus\b|\w*srv_paramtype\b|\w*srv_pfield\b|\w*srv_pfieldex\b|\w*srv_rpcdb\b|\w*srv_rpcname\b|\w*srv_rpcnumber\b|\w*srv_rpcoptions\b|\w*srv_rpcowner\b|\w*srv_rpcparams\b|\w*srv_senddone\b|\w*srv_sendmsg\b|\w*srv_sendrow\b|\w*srv_setcoldata\b|\w*srv_setcollen\b|\w*srv_setutype\b|\w*srv_willconvert\b|\w*srv_wsendmsg\b')
IF NOT EXISTS(SELECT TOP (1) 1 FROM dbo.App_RegexPettern WHERE [ID] = 156)
INSERT INTO dbo.App_RegexPettern([ID],[Regex])VALUES (156, N'\w*fn_get_sql\b')
IF NOT EXISTS(SELECT TOP (1) 1 FROM dbo.App_RegexPettern WHERE [ID] = 157)
INSERT INTO dbo.App_RegexPettern([ID],[Regex])VALUES (157, N'\w*GRANT\b\s\w*ALL\b')
IF NOT EXISTS(SELECT TOP (1) 1 FROM dbo.App_RegexPettern WHERE [ID] = 158)
INSERT INTO dbo.App_RegexPettern([ID],[Regex])VALUES (158, N'\w*DENY\b\s\w*ALL\b')
IF NOT EXISTS(SELECT TOP (1) 1 FROM dbo.App_RegexPettern WHERE [ID] = 159)
INSERT INTO dbo.App_RegexPettern([ID],[Regex])VALUES (159, N'\w*REVOKE\b\s\w*ALL\b')
IF NOT EXISTS(SELECT TOP (1) 1 FROM dbo.App_RegexPettern WHERE [ID] = 160)
INSERT INTO dbo.App_RegexPettern([ID],[Regex])VALUES (160, N'\w*SETUSER\b')
IF NOT EXISTS(SELECT TOP (1) 1 FROM dbo.App_RegexPettern WHERE [ID] = 161)
INSERT INTO dbo.App_RegexPettern([ID],[Regex])VALUES (161, N'\w*sys\b\s\.\s\w*numbered_procedures\b')
IF NOT EXISTS(SELECT TOP (1) 1 FROM dbo.App_RegexPettern WHERE [ID] = 162)
INSERT INTO dbo.App_RegexPettern([ID],[Regex])VALUES (162, N'\w*sys\b\s\.\s\w*numbered_procedure_parameters\b')
IF NOT EXISTS(SELECT TOP (1) 1 FROM dbo.App_RegexPettern WHERE [ID] = 163)
INSERT INTO dbo.App_RegexPettern([ID],[Regex])VALUES (163, N'\w*fn_virtualservernodes\b')
IF NOT EXISTS(SELECT TOP (1) 1 FROM dbo.App_RegexPettern WHERE [ID] = 164)
INSERT INTO dbo.App_RegexPettern([ID],[Regex])VALUES (164, N'\w*fn_servershareddrives\b')
IF NOT EXISTS(SELECT TOP (1) 1 FROM dbo.App_RegexPettern WHERE [ID] = 165)
INSERT INTO dbo.App_RegexPettern([ID],[Regex])VALUES (165, N'\w*GROUP\b\s\w*BY\b\s\w*ALL\b')
IF NOT EXISTS(SELECT TOP (1) 1 FROM dbo.App_RegexPettern WHERE [ID] = 166)
INSERT INTO dbo.App_RegexPettern([ID],[Regex])VALUES (166, N'\w*CURSOR\b')
IF NOT EXISTS(SELECT TOP (1) 1 FROM dbo.App_RegexPettern WHERE [ID] = 167)
INSERT INTO dbo.App_RegexPettern([ID],[Regex])VALUES (167, N'\w*CURSOR\b\s*[\W\w]*LOCAL\b')



IF NOT EXISTS(SELECT TOP (1) 1 FROM dbo.App_CL_ErrVerPet WHERE [ID] = 1)
INSERT INTO dbo.App_CL_ErrVerPet([ID],[RegexPetternID],[ErrorID],[SearchRegexMethodID],[NotIn_RegexPetternID])VALUES (1, 1, 1, 1, NULL)
IF NOT EXISTS(SELECT TOP (1) 1 FROM dbo.App_CL_ErrVerPet WHERE [ID] = 2)
INSERT INTO dbo.App_CL_ErrVerPet([ID],[RegexPetternID],[ErrorID],[SearchRegexMethodID],[NotIn_RegexPetternID])VALUES (2, 2, 2, 1, NULL)
IF NOT EXISTS(SELECT TOP (1) 1 FROM dbo.App_CL_ErrVerPet WHERE [ID] = 3)
INSERT INTO dbo.App_CL_ErrVerPet([ID],[RegexPetternID],[ErrorID],[SearchRegexMethodID],[NotIn_RegexPetternID])VALUES (3, 3, 3, 1, NULL)
IF NOT EXISTS(SELECT TOP (1) 1 FROM dbo.App_CL_ErrVerPet WHERE [ID] = 4)
INSERT INTO dbo.App_CL_ErrVerPet([ID],[RegexPetternID],[ErrorID],[SearchRegexMethodID],[NotIn_RegexPetternID])VALUES (4, 4, 4, 1, NULL)
IF NOT EXISTS(SELECT TOP (1) 1 FROM dbo.App_CL_ErrVerPet WHERE [ID] = 5)
INSERT INTO dbo.App_CL_ErrVerPet([ID],[RegexPetternID],[ErrorID],[SearchRegexMethodID],[NotIn_RegexPetternID])VALUES (5, 5, 5, 1, NULL)
IF NOT EXISTS(SELECT TOP (1) 1 FROM dbo.App_CL_ErrVerPet WHERE [ID] = 6)
INSERT INTO dbo.App_CL_ErrVerPet([ID],[RegexPetternID],[ErrorID],[SearchRegexMethodID],[NotIn_RegexPetternID])VALUES (6, 6, 6, 1, NULL)
IF NOT EXISTS(SELECT TOP (1) 1 FROM dbo.App_CL_ErrVerPet WHERE [ID] = 7)
INSERT INTO dbo.App_CL_ErrVerPet([ID],[RegexPetternID],[ErrorID],[SearchRegexMethodID],[NotIn_RegexPetternID])VALUES (7, 7, 7, 2, NULL)
IF NOT EXISTS(SELECT TOP (1) 1 FROM dbo.App_CL_ErrVerPet WHERE [ID] = 8)
INSERT INTO dbo.App_CL_ErrVerPet([ID],[RegexPetternID],[ErrorID],[SearchRegexMethodID],[NotIn_RegexPetternID])VALUES (8, 8, 8, 1, NULL)
IF NOT EXISTS(SELECT TOP (1) 1 FROM dbo.App_CL_ErrVerPet WHERE [ID] = 9)
INSERT INTO dbo.App_CL_ErrVerPet([ID],[RegexPetternID],[ErrorID],[SearchRegexMethodID],[NotIn_RegexPetternID])VALUES (9, 9, 9, 1, NULL)
IF NOT EXISTS(SELECT TOP (1) 1 FROM dbo.App_CL_ErrVerPet WHERE [ID] = 15)
INSERT INTO dbo.App_CL_ErrVerPet([ID],[RegexPetternID],[ErrorID],[SearchRegexMethodID],[NotIn_RegexPetternID])VALUES (15, 15, 15, 1, NULL)
IF NOT EXISTS(SELECT TOP (1) 1 FROM dbo.App_CL_ErrVerPet WHERE [ID] = 16)
INSERT INTO dbo.App_CL_ErrVerPet([ID],[RegexPetternID],[ErrorID],[SearchRegexMethodID],[NotIn_RegexPetternID])VALUES (16, 16, 16, 1, NULL)
IF NOT EXISTS(SELECT TOP (1) 1 FROM dbo.App_CL_ErrVerPet WHERE [ID] = 17)
INSERT INTO dbo.App_CL_ErrVerPet([ID],[RegexPetternID],[ErrorID],[SearchRegexMethodID],[NotIn_RegexPetternID])VALUES (17, 17, 17, 1, NULL)
IF NOT EXISTS(SELECT TOP (1) 1 FROM dbo.App_CL_ErrVerPet WHERE [ID] = 18)
INSERT INTO dbo.App_CL_ErrVerPet([ID],[RegexPetternID],[ErrorID],[SearchRegexMethodID],[NotIn_RegexPetternID])VALUES (18, 18, 18, 1, NULL)
IF NOT EXISTS(SELECT TOP (1) 1 FROM dbo.App_CL_ErrVerPet WHERE [ID] = 19)
INSERT INTO dbo.App_CL_ErrVerPet([ID],[RegexPetternID],[ErrorID],[SearchRegexMethodID],[NotIn_RegexPetternID])VALUES (19, 19, 19, 1, NULL)
IF NOT EXISTS(SELECT TOP (1) 1 FROM dbo.App_CL_ErrVerPet WHERE [ID] = 20)
INSERT INTO dbo.App_CL_ErrVerPet([ID],[RegexPetternID],[ErrorID],[SearchRegexMethodID],[NotIn_RegexPetternID])VALUES (20, 20, 20, 1, NULL)
IF NOT EXISTS(SELECT TOP (1) 1 FROM dbo.App_CL_ErrVerPet WHERE [ID] = 21)
INSERT INTO dbo.App_CL_ErrVerPet([ID],[RegexPetternID],[ErrorID],[SearchRegexMethodID],[NotIn_RegexPetternID])VALUES (21, 21, 21, 1, NULL)
IF NOT EXISTS(SELECT TOP (1) 1 FROM dbo.App_CL_ErrVerPet WHERE [ID] = 22)
INSERT INTO dbo.App_CL_ErrVerPet([ID],[RegexPetternID],[ErrorID],[SearchRegexMethodID],[NotIn_RegexPetternID])VALUES (22, 22, 22, 1, NULL)
IF NOT EXISTS(SELECT TOP (1) 1 FROM dbo.App_CL_ErrVerPet WHERE [ID] = 23)
INSERT INTO dbo.App_CL_ErrVerPet([ID],[RegexPetternID],[ErrorID],[SearchRegexMethodID],[NotIn_RegexPetternID])VALUES (23, 23, 23, 1, NULL)
IF NOT EXISTS(SELECT TOP (1) 1 FROM dbo.App_CL_ErrVerPet WHERE [ID] = 24)
INSERT INTO dbo.App_CL_ErrVerPet([ID],[RegexPetternID],[ErrorID],[SearchRegexMethodID],[NotIn_RegexPetternID])VALUES (24, 24, 24, 1, NULL)
IF NOT EXISTS(SELECT TOP (1) 1 FROM dbo.App_CL_ErrVerPet WHERE [ID] = 25)
INSERT INTO dbo.App_CL_ErrVerPet([ID],[RegexPetternID],[ErrorID],[SearchRegexMethodID],[NotIn_RegexPetternID])VALUES (25, 25, 25, 1, NULL)
IF NOT EXISTS(SELECT TOP (1) 1 FROM dbo.App_CL_ErrVerPet WHERE [ID] = 26)
INSERT INTO dbo.App_CL_ErrVerPet([ID],[RegexPetternID],[ErrorID],[SearchRegexMethodID],[NotIn_RegexPetternID])VALUES (26, 26, 26, 1, NULL)
IF NOT EXISTS(SELECT TOP (1) 1 FROM dbo.App_CL_ErrVerPet WHERE [ID] = 27)
INSERT INTO dbo.App_CL_ErrVerPet([ID],[RegexPetternID],[ErrorID],[SearchRegexMethodID],[NotIn_RegexPetternID])VALUES (27, 27, 27, 1, NULL)
IF NOT EXISTS(SELECT TOP (1) 1 FROM dbo.App_CL_ErrVerPet WHERE [ID] = 28)
INSERT INTO dbo.App_CL_ErrVerPet([ID],[RegexPetternID],[ErrorID],[SearchRegexMethodID],[NotIn_RegexPetternID])VALUES (28, 28, 28, 1, NULL)
IF NOT EXISTS(SELECT TOP (1) 1 FROM dbo.App_CL_ErrVerPet WHERE [ID] = 29)
INSERT INTO dbo.App_CL_ErrVerPet([ID],[RegexPetternID],[ErrorID],[SearchRegexMethodID],[NotIn_RegexPetternID])VALUES (29, 29, 29, 1, NULL)
IF NOT EXISTS(SELECT TOP (1) 1 FROM dbo.App_CL_ErrVerPet WHERE [ID] = 30)
INSERT INTO dbo.App_CL_ErrVerPet([ID],[RegexPetternID],[ErrorID],[SearchRegexMethodID],[NotIn_RegexPetternID])VALUES (30, 30, 30, 1, NULL)
IF NOT EXISTS(SELECT TOP (1) 1 FROM dbo.App_CL_ErrVerPet WHERE [ID] = 31)
INSERT INTO dbo.App_CL_ErrVerPet([ID],[RegexPetternID],[ErrorID],[SearchRegexMethodID],[NotIn_RegexPetternID])VALUES (31, 31, 31, 1, NULL)
IF NOT EXISTS(SELECT TOP (1) 1 FROM dbo.App_CL_ErrVerPet WHERE [ID] = 32)
INSERT INTO dbo.App_CL_ErrVerPet([ID],[RegexPetternID],[ErrorID],[SearchRegexMethodID],[NotIn_RegexPetternID])VALUES (32, 32, 32, 1, NULL)
IF NOT EXISTS(SELECT TOP (1) 1 FROM dbo.App_CL_ErrVerPet WHERE [ID] = 33)
INSERT INTO dbo.App_CL_ErrVerPet([ID],[RegexPetternID],[ErrorID],[SearchRegexMethodID],[NotIn_RegexPetternID])VALUES (33, 33, 33, 1, NULL)
IF NOT EXISTS(SELECT TOP (1) 1 FROM dbo.App_CL_ErrVerPet WHERE [ID] = 34)
INSERT INTO dbo.App_CL_ErrVerPet([ID],[RegexPetternID],[ErrorID],[SearchRegexMethodID],[NotIn_RegexPetternID])VALUES (34, 34, 34, 1, NULL)
IF NOT EXISTS(SELECT TOP (1) 1 FROM dbo.App_CL_ErrVerPet WHERE [ID] = 35)
INSERT INTO dbo.App_CL_ErrVerPet([ID],[RegexPetternID],[ErrorID],[SearchRegexMethodID],[NotIn_RegexPetternID])VALUES (35, 35, 35, 1, NULL)
IF NOT EXISTS(SELECT TOP (1) 1 FROM dbo.App_CL_ErrVerPet WHERE [ID] = 36)
INSERT INTO dbo.App_CL_ErrVerPet([ID],[RegexPetternID],[ErrorID],[SearchRegexMethodID],[NotIn_RegexPetternID])VALUES (36, 36, 36, 1, NULL)
IF NOT EXISTS(SELECT TOP (1) 1 FROM dbo.App_CL_ErrVerPet WHERE [ID] = 37)
INSERT INTO dbo.App_CL_ErrVerPet([ID],[RegexPetternID],[ErrorID],[SearchRegexMethodID],[NotIn_RegexPetternID])VALUES (37, 37, 37, 1, NULL)
IF NOT EXISTS(SELECT TOP (1) 1 FROM dbo.App_CL_ErrVerPet WHERE [ID] = 38)
INSERT INTO dbo.App_CL_ErrVerPet([ID],[RegexPetternID],[ErrorID],[SearchRegexMethodID],[NotIn_RegexPetternID])VALUES (38, 38, 38, 1, NULL)
IF NOT EXISTS(SELECT TOP (1) 1 FROM dbo.App_CL_ErrVerPet WHERE [ID] = 39)
INSERT INTO dbo.App_CL_ErrVerPet([ID],[RegexPetternID],[ErrorID],[SearchRegexMethodID],[NotIn_RegexPetternID])VALUES (39, 39, 39, 1, NULL)
IF NOT EXISTS(SELECT TOP (1) 1 FROM dbo.App_CL_ErrVerPet WHERE [ID] = 40)
INSERT INTO dbo.App_CL_ErrVerPet([ID],[RegexPetternID],[ErrorID],[SearchRegexMethodID],[NotIn_RegexPetternID])VALUES (40, 40, 40, 1, NULL)
IF NOT EXISTS(SELECT TOP (1) 1 FROM dbo.App_CL_ErrVerPet WHERE [ID] = 41)
INSERT INTO dbo.App_CL_ErrVerPet([ID],[RegexPetternID],[ErrorID],[SearchRegexMethodID],[NotIn_RegexPetternID])VALUES (41, 41, 41, 1, NULL)
IF NOT EXISTS(SELECT TOP (1) 1 FROM dbo.App_CL_ErrVerPet WHERE [ID] = 42)
INSERT INTO dbo.App_CL_ErrVerPet([ID],[RegexPetternID],[ErrorID],[SearchRegexMethodID],[NotIn_RegexPetternID])VALUES (42, 42, 42, 1, NULL)
IF NOT EXISTS(SELECT TOP (1) 1 FROM dbo.App_CL_ErrVerPet WHERE [ID] = 43)
INSERT INTO dbo.App_CL_ErrVerPet([ID],[RegexPetternID],[ErrorID],[SearchRegexMethodID],[NotIn_RegexPetternID])VALUES (43, 43, 43, 1, NULL)
IF NOT EXISTS(SELECT TOP (1) 1 FROM dbo.App_CL_ErrVerPet WHERE [ID] = 44)
INSERT INTO dbo.App_CL_ErrVerPet([ID],[RegexPetternID],[ErrorID],[SearchRegexMethodID],[NotIn_RegexPetternID])VALUES (44, 44, 44, 1, NULL)
IF NOT EXISTS(SELECT TOP (1) 1 FROM dbo.App_CL_ErrVerPet WHERE [ID] = 45)
INSERT INTO dbo.App_CL_ErrVerPet([ID],[RegexPetternID],[ErrorID],[SearchRegexMethodID],[NotIn_RegexPetternID])VALUES (45, 45, 45, 1, NULL)
IF NOT EXISTS(SELECT TOP (1) 1 FROM dbo.App_CL_ErrVerPet WHERE [ID] = 46)
INSERT INTO dbo.App_CL_ErrVerPet([ID],[RegexPetternID],[ErrorID],[SearchRegexMethodID],[NotIn_RegexPetternID])VALUES (46, 46, 46, 1, NULL)
IF NOT EXISTS(SELECT TOP (1) 1 FROM dbo.App_CL_ErrVerPet WHERE [ID] = 47)
INSERT INTO dbo.App_CL_ErrVerPet([ID],[RegexPetternID],[ErrorID],[SearchRegexMethodID],[NotIn_RegexPetternID])VALUES (47, 47, 47, 1, NULL)
IF NOT EXISTS(SELECT TOP (1) 1 FROM dbo.App_CL_ErrVerPet WHERE [ID] = 48)
INSERT INTO dbo.App_CL_ErrVerPet([ID],[RegexPetternID],[ErrorID],[SearchRegexMethodID],[NotIn_RegexPetternID])VALUES (48, 48, 48, 1, NULL)
IF NOT EXISTS(SELECT TOP (1) 1 FROM dbo.App_CL_ErrVerPet WHERE [ID] = 49)
INSERT INTO dbo.App_CL_ErrVerPet([ID],[RegexPetternID],[ErrorID],[SearchRegexMethodID],[NotIn_RegexPetternID])VALUES (49, 49, 49, 1, NULL)
IF NOT EXISTS(SELECT TOP (1) 1 FROM dbo.App_CL_ErrVerPet WHERE [ID] = 50)
INSERT INTO dbo.App_CL_ErrVerPet([ID],[RegexPetternID],[ErrorID],[SearchRegexMethodID],[NotIn_RegexPetternID])VALUES (50, 50, 50, 1, NULL)
IF NOT EXISTS(SELECT TOP (1) 1 FROM dbo.App_CL_ErrVerPet WHERE [ID] = 51)
INSERT INTO dbo.App_CL_ErrVerPet([ID],[RegexPetternID],[ErrorID],[SearchRegexMethodID],[NotIn_RegexPetternID])VALUES (51, 51, 51, 1, NULL)
IF NOT EXISTS(SELECT TOP (1) 1 FROM dbo.App_CL_ErrVerPet WHERE [ID] = 52)
INSERT INTO dbo.App_CL_ErrVerPet([ID],[RegexPetternID],[ErrorID],[SearchRegexMethodID],[NotIn_RegexPetternID])VALUES (52, 52, 52, 1, NULL)
IF NOT EXISTS(SELECT TOP (1) 1 FROM dbo.App_CL_ErrVerPet WHERE [ID] = 53)
INSERT INTO dbo.App_CL_ErrVerPet([ID],[RegexPetternID],[ErrorID],[SearchRegexMethodID],[NotIn_RegexPetternID])VALUES (53, 53, 53, 1, NULL)
IF NOT EXISTS(SELECT TOP (1) 1 FROM dbo.App_CL_ErrVerPet WHERE [ID] = 54)
INSERT INTO dbo.App_CL_ErrVerPet([ID],[RegexPetternID],[ErrorID],[SearchRegexMethodID],[NotIn_RegexPetternID])VALUES (54, 54, 54, 1, NULL)
IF NOT EXISTS(SELECT TOP (1) 1 FROM dbo.App_CL_ErrVerPet WHERE [ID] = 55)
INSERT INTO dbo.App_CL_ErrVerPet([ID],[RegexPetternID],[ErrorID],[SearchRegexMethodID],[NotIn_RegexPetternID])VALUES (55, 55, 55, 1, NULL)
IF NOT EXISTS(SELECT TOP (1) 1 FROM dbo.App_CL_ErrVerPet WHERE [ID] = 56)
INSERT INTO dbo.App_CL_ErrVerPet([ID],[RegexPetternID],[ErrorID],[SearchRegexMethodID],[NotIn_RegexPetternID])VALUES (56, 56, 56, 1, NULL)
IF NOT EXISTS(SELECT TOP (1) 1 FROM dbo.App_CL_ErrVerPet WHERE [ID] = 57)
INSERT INTO dbo.App_CL_ErrVerPet([ID],[RegexPetternID],[ErrorID],[SearchRegexMethodID],[NotIn_RegexPetternID])VALUES (57, 57, 57, 1, NULL)
IF NOT EXISTS(SELECT TOP (1) 1 FROM dbo.App_CL_ErrVerPet WHERE [ID] = 58)
INSERT INTO dbo.App_CL_ErrVerPet([ID],[RegexPetternID],[ErrorID],[SearchRegexMethodID],[NotIn_RegexPetternID])VALUES (58, 58, 58, 1, NULL)
IF NOT EXISTS(SELECT TOP (1) 1 FROM dbo.App_CL_ErrVerPet WHERE [ID] = 59)
INSERT INTO dbo.App_CL_ErrVerPet([ID],[RegexPetternID],[ErrorID],[SearchRegexMethodID],[NotIn_RegexPetternID])VALUES (59, 59, 59, 1, NULL)
IF NOT EXISTS(SELECT TOP (1) 1 FROM dbo.App_CL_ErrVerPet WHERE [ID] = 60)
INSERT INTO dbo.App_CL_ErrVerPet([ID],[RegexPetternID],[ErrorID],[SearchRegexMethodID],[NotIn_RegexPetternID])VALUES (60, 60, 60, 1, NULL)
IF NOT EXISTS(SELECT TOP (1) 1 FROM dbo.App_CL_ErrVerPet WHERE [ID] = 61)
INSERT INTO dbo.App_CL_ErrVerPet([ID],[RegexPetternID],[ErrorID],[SearchRegexMethodID],[NotIn_RegexPetternID])VALUES (61, 61, 61, 1, NULL)
IF NOT EXISTS(SELECT TOP (1) 1 FROM dbo.App_CL_ErrVerPet WHERE [ID] = 62)
INSERT INTO dbo.App_CL_ErrVerPet([ID],[RegexPetternID],[ErrorID],[SearchRegexMethodID],[NotIn_RegexPetternID])VALUES (62, 62, 62, 1, NULL)
IF NOT EXISTS(SELECT TOP (1) 1 FROM dbo.App_CL_ErrVerPet WHERE [ID] = 63)
INSERT INTO dbo.App_CL_ErrVerPet([ID],[RegexPetternID],[ErrorID],[SearchRegexMethodID],[NotIn_RegexPetternID])VALUES (63, 63, 63, 1, NULL)
IF NOT EXISTS(SELECT TOP (1) 1 FROM dbo.App_CL_ErrVerPet WHERE [ID] = 64)
INSERT INTO dbo.App_CL_ErrVerPet([ID],[RegexPetternID],[ErrorID],[SearchRegexMethodID],[NotIn_RegexPetternID])VALUES (64, 64, 64, 1, NULL)
IF NOT EXISTS(SELECT TOP (1) 1 FROM dbo.App_CL_ErrVerPet WHERE [ID] = 65)
INSERT INTO dbo.App_CL_ErrVerPet([ID],[RegexPetternID],[ErrorID],[SearchRegexMethodID],[NotIn_RegexPetternID])VALUES (65, 65, 65, 1, NULL)
IF NOT EXISTS(SELECT TOP (1) 1 FROM dbo.App_CL_ErrVerPet WHERE [ID] = 66)
INSERT INTO dbo.App_CL_ErrVerPet([ID],[RegexPetternID],[ErrorID],[SearchRegexMethodID],[NotIn_RegexPetternID])VALUES (66, 66, 66, 1, NULL)
IF NOT EXISTS(SELECT TOP (1) 1 FROM dbo.App_CL_ErrVerPet WHERE [ID] = 67)
INSERT INTO dbo.App_CL_ErrVerPet([ID],[RegexPetternID],[ErrorID],[SearchRegexMethodID],[NotIn_RegexPetternID])VALUES (67, 67, 67, 1, NULL)
IF NOT EXISTS(SELECT TOP (1) 1 FROM dbo.App_CL_ErrVerPet WHERE [ID] = 68)
INSERT INTO dbo.App_CL_ErrVerPet([ID],[RegexPetternID],[ErrorID],[SearchRegexMethodID],[NotIn_RegexPetternID])VALUES (68, 68, 68, 1, NULL)
IF NOT EXISTS(SELECT TOP (1) 1 FROM dbo.App_CL_ErrVerPet WHERE [ID] = 69)
INSERT INTO dbo.App_CL_ErrVerPet([ID],[RegexPetternID],[ErrorID],[SearchRegexMethodID],[NotIn_RegexPetternID])VALUES (69, 69, 69, 1, NULL)
IF NOT EXISTS(SELECT TOP (1) 1 FROM dbo.App_CL_ErrVerPet WHERE [ID] = 70)
INSERT INTO dbo.App_CL_ErrVerPet([ID],[RegexPetternID],[ErrorID],[SearchRegexMethodID],[NotIn_RegexPetternID])VALUES (70, 70, 70, 1, NULL)
IF NOT EXISTS(SELECT TOP (1) 1 FROM dbo.App_CL_ErrVerPet WHERE [ID] = 71)
INSERT INTO dbo.App_CL_ErrVerPet([ID],[RegexPetternID],[ErrorID],[SearchRegexMethodID],[NotIn_RegexPetternID])VALUES (71, 71, 71, 1, NULL)
IF NOT EXISTS(SELECT TOP (1) 1 FROM dbo.App_CL_ErrVerPet WHERE [ID] = 72)
INSERT INTO dbo.App_CL_ErrVerPet([ID],[RegexPetternID],[ErrorID],[SearchRegexMethodID],[NotIn_RegexPetternID])VALUES (72, 72, 72, 1, NULL)
IF NOT EXISTS(SELECT TOP (1) 1 FROM dbo.App_CL_ErrVerPet WHERE [ID] = 73)
INSERT INTO dbo.App_CL_ErrVerPet([ID],[RegexPetternID],[ErrorID],[SearchRegexMethodID],[NotIn_RegexPetternID])VALUES (73, 73, 73, 1, NULL)
IF NOT EXISTS(SELECT TOP (1) 1 FROM dbo.App_CL_ErrVerPet WHERE [ID] = 74)
INSERT INTO dbo.App_CL_ErrVerPet([ID],[RegexPetternID],[ErrorID],[SearchRegexMethodID],[NotIn_RegexPetternID])VALUES (74, 74, 74, 1, NULL)
IF NOT EXISTS(SELECT TOP (1) 1 FROM dbo.App_CL_ErrVerPet WHERE [ID] = 75)
INSERT INTO dbo.App_CL_ErrVerPet([ID],[RegexPetternID],[ErrorID],[SearchRegexMethodID],[NotIn_RegexPetternID])VALUES (75, 75, 75, 1, NULL)
IF NOT EXISTS(SELECT TOP (1) 1 FROM dbo.App_CL_ErrVerPet WHERE [ID] = 76)
INSERT INTO dbo.App_CL_ErrVerPet([ID],[RegexPetternID],[ErrorID],[SearchRegexMethodID],[NotIn_RegexPetternID])VALUES (76, 76, 76, 1, NULL)
IF NOT EXISTS(SELECT TOP (1) 1 FROM dbo.App_CL_ErrVerPet WHERE [ID] = 77)
INSERT INTO dbo.App_CL_ErrVerPet([ID],[RegexPetternID],[ErrorID],[SearchRegexMethodID],[NotIn_RegexPetternID])VALUES (77, 77, 77, 1, NULL)
IF NOT EXISTS(SELECT TOP (1) 1 FROM dbo.App_CL_ErrVerPet WHERE [ID] = 78)
INSERT INTO dbo.App_CL_ErrVerPet([ID],[RegexPetternID],[ErrorID],[SearchRegexMethodID],[NotIn_RegexPetternID])VALUES (78, 78, 78, 1, NULL)
IF NOT EXISTS(SELECT TOP (1) 1 FROM dbo.App_CL_ErrVerPet WHERE [ID] = 79)
INSERT INTO dbo.App_CL_ErrVerPet([ID],[RegexPetternID],[ErrorID],[SearchRegexMethodID],[NotIn_RegexPetternID])VALUES (79, 79, 79, 1, NULL)
IF NOT EXISTS(SELECT TOP (1) 1 FROM dbo.App_CL_ErrVerPet WHERE [ID] = 80)
INSERT INTO dbo.App_CL_ErrVerPet([ID],[RegexPetternID],[ErrorID],[SearchRegexMethodID],[NotIn_RegexPetternID])VALUES (80, 80, 80, 1, NULL)
IF NOT EXISTS(SELECT TOP (1) 1 FROM dbo.App_CL_ErrVerPet WHERE [ID] = 81)
INSERT INTO dbo.App_CL_ErrVerPet([ID],[RegexPetternID],[ErrorID],[SearchRegexMethodID],[NotIn_RegexPetternID])VALUES (81, 81, 81, 1, NULL)
IF NOT EXISTS(SELECT TOP (1) 1 FROM dbo.App_CL_ErrVerPet WHERE [ID] = 82)
INSERT INTO dbo.App_CL_ErrVerPet([ID],[RegexPetternID],[ErrorID],[SearchRegexMethodID],[NotIn_RegexPetternID])VALUES (82, 82, 82, 1, NULL)
IF NOT EXISTS(SELECT TOP (1) 1 FROM dbo.App_CL_ErrVerPet WHERE [ID] = 83)
INSERT INTO dbo.App_CL_ErrVerPet([ID],[RegexPetternID],[ErrorID],[SearchRegexMethodID],[NotIn_RegexPetternID])VALUES (83, 83, 83, 1, NULL)
IF NOT EXISTS(SELECT TOP (1) 1 FROM dbo.App_CL_ErrVerPet WHERE [ID] = 84)
INSERT INTO dbo.App_CL_ErrVerPet([ID],[RegexPetternID],[ErrorID],[SearchRegexMethodID],[NotIn_RegexPetternID])VALUES (84, 84, 84, 1, NULL)
IF NOT EXISTS(SELECT TOP (1) 1 FROM dbo.App_CL_ErrVerPet WHERE [ID] = 85)
INSERT INTO dbo.App_CL_ErrVerPet([ID],[RegexPetternID],[ErrorID],[SearchRegexMethodID],[NotIn_RegexPetternID])VALUES (85, 85, 85, 1, NULL)
IF NOT EXISTS(SELECT TOP (1) 1 FROM dbo.App_CL_ErrVerPet WHERE [ID] = 86)
INSERT INTO dbo.App_CL_ErrVerPet([ID],[RegexPetternID],[ErrorID],[SearchRegexMethodID],[NotIn_RegexPetternID])VALUES (86, 86, 86, 1, NULL)
IF NOT EXISTS(SELECT TOP (1) 1 FROM dbo.App_CL_ErrVerPet WHERE [ID] = 87)
INSERT INTO dbo.App_CL_ErrVerPet([ID],[RegexPetternID],[ErrorID],[SearchRegexMethodID],[NotIn_RegexPetternID])VALUES (87, 87, 87, 1, NULL)
IF NOT EXISTS(SELECT TOP (1) 1 FROM dbo.App_CL_ErrVerPet WHERE [ID] = 88)
INSERT INTO dbo.App_CL_ErrVerPet([ID],[RegexPetternID],[ErrorID],[SearchRegexMethodID],[NotIn_RegexPetternID])VALUES (88, 88, 88, 1, NULL)
IF NOT EXISTS(SELECT TOP (1) 1 FROM dbo.App_CL_ErrVerPet WHERE [ID] = 89)
INSERT INTO dbo.App_CL_ErrVerPet([ID],[RegexPetternID],[ErrorID],[SearchRegexMethodID],[NotIn_RegexPetternID])VALUES (89, 89, 89, 1, NULL)
IF NOT EXISTS(SELECT TOP (1) 1 FROM dbo.App_CL_ErrVerPet WHERE [ID] = 90)
INSERT INTO dbo.App_CL_ErrVerPet([ID],[RegexPetternID],[ErrorID],[SearchRegexMethodID],[NotIn_RegexPetternID])VALUES (90, 90, 90, 1, NULL)
IF NOT EXISTS(SELECT TOP (1) 1 FROM dbo.App_CL_ErrVerPet WHERE [ID] = 91)
INSERT INTO dbo.App_CL_ErrVerPet([ID],[RegexPetternID],[ErrorID],[SearchRegexMethodID],[NotIn_RegexPetternID])VALUES (91, 91, 91, 1, NULL)
IF NOT EXISTS(SELECT TOP (1) 1 FROM dbo.App_CL_ErrVerPet WHERE [ID] = 92)
INSERT INTO dbo.App_CL_ErrVerPet([ID],[RegexPetternID],[ErrorID],[SearchRegexMethodID],[NotIn_RegexPetternID])VALUES (92, 92, 92, 1, NULL)
IF NOT EXISTS(SELECT TOP (1) 1 FROM dbo.App_CL_ErrVerPet WHERE [ID] = 93)
INSERT INTO dbo.App_CL_ErrVerPet([ID],[RegexPetternID],[ErrorID],[SearchRegexMethodID],[NotIn_RegexPetternID])VALUES (93, 93, 93, 1, NULL)
IF NOT EXISTS(SELECT TOP (1) 1 FROM dbo.App_CL_ErrVerPet WHERE [ID] = 94)
INSERT INTO dbo.App_CL_ErrVerPet([ID],[RegexPetternID],[ErrorID],[SearchRegexMethodID],[NotIn_RegexPetternID])VALUES (94, 94, 94, 1, NULL)
IF NOT EXISTS(SELECT TOP (1) 1 FROM dbo.App_CL_ErrVerPet WHERE [ID] = 95)
INSERT INTO dbo.App_CL_ErrVerPet([ID],[RegexPetternID],[ErrorID],[SearchRegexMethodID],[NotIn_RegexPetternID])VALUES (95, 95, 95, 1, NULL)
IF NOT EXISTS(SELECT TOP (1) 1 FROM dbo.App_CL_ErrVerPet WHERE [ID] = 96)
INSERT INTO dbo.App_CL_ErrVerPet([ID],[RegexPetternID],[ErrorID],[SearchRegexMethodID],[NotIn_RegexPetternID])VALUES (96, 96, 96, 1, NULL)
IF NOT EXISTS(SELECT TOP (1) 1 FROM dbo.App_CL_ErrVerPet WHERE [ID] = 97)
INSERT INTO dbo.App_CL_ErrVerPet([ID],[RegexPetternID],[ErrorID],[SearchRegexMethodID],[NotIn_RegexPetternID])VALUES (97, 97, 97, 1, NULL)
IF NOT EXISTS(SELECT TOP (1) 1 FROM dbo.App_CL_ErrVerPet WHERE [ID] = 98)
INSERT INTO dbo.App_CL_ErrVerPet([ID],[RegexPetternID],[ErrorID],[SearchRegexMethodID],[NotIn_RegexPetternID])VALUES (98, 98, 98, 1, NULL)
IF NOT EXISTS(SELECT TOP (1) 1 FROM dbo.App_CL_ErrVerPet WHERE [ID] = 99)
INSERT INTO dbo.App_CL_ErrVerPet([ID],[RegexPetternID],[ErrorID],[SearchRegexMethodID],[NotIn_RegexPetternID])VALUES (99, 99, 99, 1, NULL)
IF NOT EXISTS(SELECT TOP (1) 1 FROM dbo.App_CL_ErrVerPet WHERE [ID] = 100)
INSERT INTO dbo.App_CL_ErrVerPet([ID],[RegexPetternID],[ErrorID],[SearchRegexMethodID],[NotIn_RegexPetternID])VALUES (100, 100, 100, 1, NULL)
IF NOT EXISTS(SELECT TOP (1) 1 FROM dbo.App_CL_ErrVerPet WHERE [ID] = 101)
INSERT INTO dbo.App_CL_ErrVerPet([ID],[RegexPetternID],[ErrorID],[SearchRegexMethodID],[NotIn_RegexPetternID])VALUES (101, 101, 101, 1, NULL)
IF NOT EXISTS(SELECT TOP (1) 1 FROM dbo.App_CL_ErrVerPet WHERE [ID] = 102)
INSERT INTO dbo.App_CL_ErrVerPet([ID],[RegexPetternID],[ErrorID],[SearchRegexMethodID],[NotIn_RegexPetternID])VALUES (102, 102, 102, 1, NULL)
IF NOT EXISTS(SELECT TOP (1) 1 FROM dbo.App_CL_ErrVerPet WHERE [ID] = 103)
INSERT INTO dbo.App_CL_ErrVerPet([ID],[RegexPetternID],[ErrorID],[SearchRegexMethodID],[NotIn_RegexPetternID])VALUES (103, 103, 103, 1, NULL)
IF NOT EXISTS(SELECT TOP (1) 1 FROM dbo.App_CL_ErrVerPet WHERE [ID] = 104)
INSERT INTO dbo.App_CL_ErrVerPet([ID],[RegexPetternID],[ErrorID],[SearchRegexMethodID],[NotIn_RegexPetternID])VALUES (104, 104, 104, 1, NULL)
IF NOT EXISTS(SELECT TOP (1) 1 FROM dbo.App_CL_ErrVerPet WHERE [ID] = 105)
INSERT INTO dbo.App_CL_ErrVerPet([ID],[RegexPetternID],[ErrorID],[SearchRegexMethodID],[NotIn_RegexPetternID])VALUES (105, 105, 105, 1, NULL)
IF NOT EXISTS(SELECT TOP (1) 1 FROM dbo.App_CL_ErrVerPet WHERE [ID] = 106)
INSERT INTO dbo.App_CL_ErrVerPet([ID],[RegexPetternID],[ErrorID],[SearchRegexMethodID],[NotIn_RegexPetternID])VALUES (106, 106, 106, 1, NULL)
IF NOT EXISTS(SELECT TOP (1) 1 FROM dbo.App_CL_ErrVerPet WHERE [ID] = 107)
INSERT INTO dbo.App_CL_ErrVerPet([ID],[RegexPetternID],[ErrorID],[SearchRegexMethodID],[NotIn_RegexPetternID])VALUES (107, 107, 107, 1, NULL)
IF NOT EXISTS(SELECT TOP (1) 1 FROM dbo.App_CL_ErrVerPet WHERE [ID] = 108)
INSERT INTO dbo.App_CL_ErrVerPet([ID],[RegexPetternID],[ErrorID],[SearchRegexMethodID],[NotIn_RegexPetternID])VALUES (108, 108, 108, 1, NULL)
IF NOT EXISTS(SELECT TOP (1) 1 FROM dbo.App_CL_ErrVerPet WHERE [ID] = 109)
INSERT INTO dbo.App_CL_ErrVerPet([ID],[RegexPetternID],[ErrorID],[SearchRegexMethodID],[NotIn_RegexPetternID])VALUES (109, 109, 109, 1, NULL)
IF NOT EXISTS(SELECT TOP (1) 1 FROM dbo.App_CL_ErrVerPet WHERE [ID] = 110)
INSERT INTO dbo.App_CL_ErrVerPet([ID],[RegexPetternID],[ErrorID],[SearchRegexMethodID],[NotIn_RegexPetternID])VALUES (110, 110, 110, 1, NULL)
IF NOT EXISTS(SELECT TOP (1) 1 FROM dbo.App_CL_ErrVerPet WHERE [ID] = 111)
INSERT INTO dbo.App_CL_ErrVerPet([ID],[RegexPetternID],[ErrorID],[SearchRegexMethodID],[NotIn_RegexPetternID])VALUES (111, 111, 111, 1, NULL)
IF NOT EXISTS(SELECT TOP (1) 1 FROM dbo.App_CL_ErrVerPet WHERE [ID] = 112)
INSERT INTO dbo.App_CL_ErrVerPet([ID],[RegexPetternID],[ErrorID],[SearchRegexMethodID],[NotIn_RegexPetternID])VALUES (112, 112, 112, 1, NULL)
IF NOT EXISTS(SELECT TOP (1) 1 FROM dbo.App_CL_ErrVerPet WHERE [ID] = 114)
INSERT INTO dbo.App_CL_ErrVerPet([ID],[RegexPetternID],[ErrorID],[SearchRegexMethodID],[NotIn_RegexPetternID])VALUES (114, 114, 114, 1, NULL)
IF NOT EXISTS(SELECT TOP (1) 1 FROM dbo.App_CL_ErrVerPet WHERE [ID] = 115)
INSERT INTO dbo.App_CL_ErrVerPet([ID],[RegexPetternID],[ErrorID],[SearchRegexMethodID],[NotIn_RegexPetternID])VALUES (115, 115, 115, 1, NULL)
IF NOT EXISTS(SELECT TOP (1) 1 FROM dbo.App_CL_ErrVerPet WHERE [ID] = 116)
INSERT INTO dbo.App_CL_ErrVerPet([ID],[RegexPetternID],[ErrorID],[SearchRegexMethodID],[NotIn_RegexPetternID])VALUES (116, 116, 116, 1, NULL)
IF NOT EXISTS(SELECT TOP (1) 1 FROM dbo.App_CL_ErrVerPet WHERE [ID] = 117)
INSERT INTO dbo.App_CL_ErrVerPet([ID],[RegexPetternID],[ErrorID],[SearchRegexMethodID],[NotIn_RegexPetternID])VALUES (117, 117, 117, 1, NULL)
IF NOT EXISTS(SELECT TOP (1) 1 FROM dbo.App_CL_ErrVerPet WHERE [ID] = 118)
INSERT INTO dbo.App_CL_ErrVerPet([ID],[RegexPetternID],[ErrorID],[SearchRegexMethodID],[NotIn_RegexPetternID])VALUES (118, 118, 118, 1, NULL)
IF NOT EXISTS(SELECT TOP (1) 1 FROM dbo.App_CL_ErrVerPet WHERE [ID] = 119)
INSERT INTO dbo.App_CL_ErrVerPet([ID],[RegexPetternID],[ErrorID],[SearchRegexMethodID],[NotIn_RegexPetternID])VALUES (119, 119, 119, 1, NULL)
IF NOT EXISTS(SELECT TOP (1) 1 FROM dbo.App_CL_ErrVerPet WHERE [ID] = 120)
INSERT INTO dbo.App_CL_ErrVerPet([ID],[RegexPetternID],[ErrorID],[SearchRegexMethodID],[NotIn_RegexPetternID])VALUES (120, 120, 120, 1, NULL)
IF NOT EXISTS(SELECT TOP (1) 1 FROM dbo.App_CL_ErrVerPet WHERE [ID] = 121)
INSERT INTO dbo.App_CL_ErrVerPet([ID],[RegexPetternID],[ErrorID],[SearchRegexMethodID],[NotIn_RegexPetternID])VALUES (121, 121, 121, 1, NULL)
IF NOT EXISTS(SELECT TOP (1) 1 FROM dbo.App_CL_ErrVerPet WHERE [ID] = 122)
INSERT INTO dbo.App_CL_ErrVerPet([ID],[RegexPetternID],[ErrorID],[SearchRegexMethodID],[NotIn_RegexPetternID])VALUES (122, 122, 122, 1, NULL)
IF NOT EXISTS(SELECT TOP (1) 1 FROM dbo.App_CL_ErrVerPet WHERE [ID] = 123)
INSERT INTO dbo.App_CL_ErrVerPet([ID],[RegexPetternID],[ErrorID],[SearchRegexMethodID],[NotIn_RegexPetternID])VALUES (123, 123, 123, 1, NULL)
IF NOT EXISTS(SELECT TOP (1) 1 FROM dbo.App_CL_ErrVerPet WHERE [ID] = 124)
INSERT INTO dbo.App_CL_ErrVerPet([ID],[RegexPetternID],[ErrorID],[SearchRegexMethodID],[NotIn_RegexPetternID])VALUES (124, 124, 124, 1, NULL)
IF NOT EXISTS(SELECT TOP (1) 1 FROM dbo.App_CL_ErrVerPet WHERE [ID] = 125)
INSERT INTO dbo.App_CL_ErrVerPet([ID],[RegexPetternID],[ErrorID],[SearchRegexMethodID],[NotIn_RegexPetternID])VALUES (125, 125, 125, 1, NULL)
IF NOT EXISTS(SELECT TOP (1) 1 FROM dbo.App_CL_ErrVerPet WHERE [ID] = 126)
INSERT INTO dbo.App_CL_ErrVerPet([ID],[RegexPetternID],[ErrorID],[SearchRegexMethodID],[NotIn_RegexPetternID])VALUES (126, 126, 126, 1, NULL)
IF NOT EXISTS(SELECT TOP (1) 1 FROM dbo.App_CL_ErrVerPet WHERE [ID] = 127)
INSERT INTO dbo.App_CL_ErrVerPet([ID],[RegexPetternID],[ErrorID],[SearchRegexMethodID],[NotIn_RegexPetternID])VALUES (127, 127, 127, 1, NULL)
IF NOT EXISTS(SELECT TOP (1) 1 FROM dbo.App_CL_ErrVerPet WHERE [ID] = 128)
INSERT INTO dbo.App_CL_ErrVerPet([ID],[RegexPetternID],[ErrorID],[SearchRegexMethodID],[NotIn_RegexPetternID])VALUES (128, 128, 128, 1, NULL)
IF NOT EXISTS(SELECT TOP (1) 1 FROM dbo.App_CL_ErrVerPet WHERE [ID] = 129)
INSERT INTO dbo.App_CL_ErrVerPet([ID],[RegexPetternID],[ErrorID],[SearchRegexMethodID],[NotIn_RegexPetternID])VALUES (129, 129, 129, 1, NULL)
IF NOT EXISTS(SELECT TOP (1) 1 FROM dbo.App_CL_ErrVerPet WHERE [ID] = 130)
INSERT INTO dbo.App_CL_ErrVerPet([ID],[RegexPetternID],[ErrorID],[SearchRegexMethodID],[NotIn_RegexPetternID])VALUES (130, 130, 130, 1, NULL)
IF NOT EXISTS(SELECT TOP (1) 1 FROM dbo.App_CL_ErrVerPet WHERE [ID] = 131)
INSERT INTO dbo.App_CL_ErrVerPet([ID],[RegexPetternID],[ErrorID],[SearchRegexMethodID],[NotIn_RegexPetternID])VALUES (131, 131, 131, 1, NULL)
IF NOT EXISTS(SELECT TOP (1) 1 FROM dbo.App_CL_ErrVerPet WHERE [ID] = 132)
INSERT INTO dbo.App_CL_ErrVerPet([ID],[RegexPetternID],[ErrorID],[SearchRegexMethodID],[NotIn_RegexPetternID])VALUES (132, 132, 132, 1, NULL)
IF NOT EXISTS(SELECT TOP (1) 1 FROM dbo.App_CL_ErrVerPet WHERE [ID] = 133)
INSERT INTO dbo.App_CL_ErrVerPet([ID],[RegexPetternID],[ErrorID],[SearchRegexMethodID],[NotIn_RegexPetternID])VALUES (133, 133, 133, 1, NULL)
IF NOT EXISTS(SELECT TOP (1) 1 FROM dbo.App_CL_ErrVerPet WHERE [ID] = 134)
INSERT INTO dbo.App_CL_ErrVerPet([ID],[RegexPetternID],[ErrorID],[SearchRegexMethodID],[NotIn_RegexPetternID])VALUES (134, 134, 134, 1, NULL)
IF NOT EXISTS(SELECT TOP (1) 1 FROM dbo.App_CL_ErrVerPet WHERE [ID] = 135)
INSERT INTO dbo.App_CL_ErrVerPet([ID],[RegexPetternID],[ErrorID],[SearchRegexMethodID],[NotIn_RegexPetternID])VALUES (135, 135, 135, 1, NULL)
IF NOT EXISTS(SELECT TOP (1) 1 FROM dbo.App_CL_ErrVerPet WHERE [ID] = 136)
INSERT INTO dbo.App_CL_ErrVerPet([ID],[RegexPetternID],[ErrorID],[SearchRegexMethodID],[NotIn_RegexPetternID])VALUES (136, 136, 136, 1, NULL)
IF NOT EXISTS(SELECT TOP (1) 1 FROM dbo.App_CL_ErrVerPet WHERE [ID] = 137)
INSERT INTO dbo.App_CL_ErrVerPet([ID],[RegexPetternID],[ErrorID],[SearchRegexMethodID],[NotIn_RegexPetternID])VALUES (137, 137, 137, 1, NULL)
IF NOT EXISTS(SELECT TOP (1) 1 FROM dbo.App_CL_ErrVerPet WHERE [ID] = 138)
INSERT INTO dbo.App_CL_ErrVerPet([ID],[RegexPetternID],[ErrorID],[SearchRegexMethodID],[NotIn_RegexPetternID])VALUES (138, 138, 138, 1, NULL)
IF NOT EXISTS(SELECT TOP (1) 1 FROM dbo.App_CL_ErrVerPet WHERE [ID] = 139)
INSERT INTO dbo.App_CL_ErrVerPet([ID],[RegexPetternID],[ErrorID],[SearchRegexMethodID],[NotIn_RegexPetternID])VALUES (139, 139, 139, 1, NULL)
IF NOT EXISTS(SELECT TOP (1) 1 FROM dbo.App_CL_ErrVerPet WHERE [ID] = 140)
INSERT INTO dbo.App_CL_ErrVerPet([ID],[RegexPetternID],[ErrorID],[SearchRegexMethodID],[NotIn_RegexPetternID])VALUES (140, 140, 140, 1, NULL)
IF NOT EXISTS(SELECT TOP (1) 1 FROM dbo.App_CL_ErrVerPet WHERE [ID] = 141)
INSERT INTO dbo.App_CL_ErrVerPet([ID],[RegexPetternID],[ErrorID],[SearchRegexMethodID],[NotIn_RegexPetternID])VALUES (141, 141, 141, 1, NULL)
IF NOT EXISTS(SELECT TOP (1) 1 FROM dbo.App_CL_ErrVerPet WHERE [ID] = 142)
INSERT INTO dbo.App_CL_ErrVerPet([ID],[RegexPetternID],[ErrorID],[SearchRegexMethodID],[NotIn_RegexPetternID])VALUES (142, 142, 142, 1, NULL)
IF NOT EXISTS(SELECT TOP (1) 1 FROM dbo.App_CL_ErrVerPet WHERE [ID] = 143)
INSERT INTO dbo.App_CL_ErrVerPet([ID],[RegexPetternID],[ErrorID],[SearchRegexMethodID],[NotIn_RegexPetternID])VALUES (143, 143, 143, 1, NULL)
IF NOT EXISTS(SELECT TOP (1) 1 FROM dbo.App_CL_ErrVerPet WHERE [ID] = 144)
INSERT INTO dbo.App_CL_ErrVerPet([ID],[RegexPetternID],[ErrorID],[SearchRegexMethodID],[NotIn_RegexPetternID])VALUES (144, 144, 144, 1, NULL)
IF NOT EXISTS(SELECT TOP (1) 1 FROM dbo.App_CL_ErrVerPet WHERE [ID] = 145)
INSERT INTO dbo.App_CL_ErrVerPet([ID],[RegexPetternID],[ErrorID],[SearchRegexMethodID],[NotIn_RegexPetternID])VALUES (145, 145, 145, 1, NULL)
IF NOT EXISTS(SELECT TOP (1) 1 FROM dbo.App_CL_ErrVerPet WHERE [ID] = 152)
INSERT INTO dbo.App_CL_ErrVerPet([ID],[RegexPetternID],[ErrorID],[SearchRegexMethodID],[NotIn_RegexPetternID])VALUES (152, 146, 146, 1, NULL)
IF NOT EXISTS(SELECT TOP (1) 1 FROM dbo.App_CL_ErrVerPet WHERE [ID] = 153)
INSERT INTO dbo.App_CL_ErrVerPet([ID],[RegexPetternID],[ErrorID],[SearchRegexMethodID],[NotIn_RegexPetternID])VALUES (153, 10, 10, 1, NULL)
IF NOT EXISTS(SELECT TOP (1) 1 FROM dbo.App_CL_ErrVerPet WHERE [ID] = 154)
INSERT INTO dbo.App_CL_ErrVerPet([ID],[RegexPetternID],[ErrorID],[SearchRegexMethodID],[NotIn_RegexPetternID])VALUES (154, 147, 147, 1, NULL)
IF NOT EXISTS(SELECT TOP (1) 1 FROM dbo.App_CL_ErrVerPet WHERE [ID] = 155)
INSERT INTO dbo.App_CL_ErrVerPet([ID],[RegexPetternID],[ErrorID],[SearchRegexMethodID],[NotIn_RegexPetternID])VALUES (155, 148, 148, 1, NULL)
IF NOT EXISTS(SELECT TOP (1) 1 FROM dbo.App_CL_ErrVerPet WHERE [ID] = 166)
INSERT INTO dbo.App_CL_ErrVerPet([ID],[RegexPetternID],[ErrorID],[SearchRegexMethodID],[NotIn_RegexPetternID])VALUES (166, 149, 149, 1, NULL)
IF NOT EXISTS(SELECT TOP (1) 1 FROM dbo.App_CL_ErrVerPet WHERE [ID] = 169)
INSERT INTO dbo.App_CL_ErrVerPet([ID],[RegexPetternID],[ErrorID],[SearchRegexMethodID],[NotIn_RegexPetternID])VALUES (169, 150, 150, 1, NULL)
IF NOT EXISTS(SELECT TOP (1) 1 FROM dbo.App_CL_ErrVerPet WHERE [ID] = 170)
INSERT INTO dbo.App_CL_ErrVerPet([ID],[RegexPetternID],[ErrorID],[SearchRegexMethodID],[NotIn_RegexPetternID])VALUES (170, 151, 151, 1, NULL)
IF NOT EXISTS(SELECT TOP (1) 1 FROM dbo.App_CL_ErrVerPet WHERE [ID] = 171)
INSERT INTO dbo.App_CL_ErrVerPet([ID],[RegexPetternID],[ErrorID],[SearchRegexMethodID],[NotIn_RegexPetternID])VALUES (171, 152, 152, 1, NULL)
IF NOT EXISTS(SELECT TOP (1) 1 FROM dbo.App_CL_ErrVerPet WHERE [ID] = 172)
INSERT INTO dbo.App_CL_ErrVerPet([ID],[RegexPetternID],[ErrorID],[SearchRegexMethodID],[NotIn_RegexPetternID])VALUES (172, 153, 153, 1, NULL)
IF NOT EXISTS(SELECT TOP (1) 1 FROM dbo.App_CL_ErrVerPet WHERE [ID] = 173)
INSERT INTO dbo.App_CL_ErrVerPet([ID],[RegexPetternID],[ErrorID],[SearchRegexMethodID],[NotIn_RegexPetternID])VALUES (173, 154, 154, 1, NULL)
IF NOT EXISTS(SELECT TOP (1) 1 FROM dbo.App_CL_ErrVerPet WHERE [ID] = 174)
INSERT INTO dbo.App_CL_ErrVerPet([ID],[RegexPetternID],[ErrorID],[SearchRegexMethodID],[NotIn_RegexPetternID])VALUES (174, 155, 155, 1, NULL)
IF NOT EXISTS(SELECT TOP (1) 1 FROM dbo.App_CL_ErrVerPet WHERE [ID] = 175)
INSERT INTO dbo.App_CL_ErrVerPet([ID],[RegexPetternID],[ErrorID],[SearchRegexMethodID],[NotIn_RegexPetternID])VALUES (175, 156, 156, 1, NULL)
IF NOT EXISTS(SELECT TOP (1) 1 FROM dbo.App_CL_ErrVerPet WHERE [ID] = 176)
INSERT INTO dbo.App_CL_ErrVerPet([ID],[RegexPetternID],[ErrorID],[SearchRegexMethodID],[NotIn_RegexPetternID])VALUES (176, 157, 157, 1, NULL)
IF NOT EXISTS(SELECT TOP (1) 1 FROM dbo.App_CL_ErrVerPet WHERE [ID] = 177)
INSERT INTO dbo.App_CL_ErrVerPet([ID],[RegexPetternID],[ErrorID],[SearchRegexMethodID],[NotIn_RegexPetternID])VALUES (177, 158, 157, 1, NULL)
IF NOT EXISTS(SELECT TOP (1) 1 FROM dbo.App_CL_ErrVerPet WHERE [ID] = 178)
INSERT INTO dbo.App_CL_ErrVerPet([ID],[RegexPetternID],[ErrorID],[SearchRegexMethodID],[NotIn_RegexPetternID])VALUES (178, 159, 157, 1, NULL)
IF NOT EXISTS(SELECT TOP (1) 1 FROM dbo.App_CL_ErrVerPet WHERE [ID] = 179)
INSERT INTO dbo.App_CL_ErrVerPet([ID],[RegexPetternID],[ErrorID],[SearchRegexMethodID],[NotIn_RegexPetternID])VALUES (179, 160, 160, 1, NULL)
IF NOT EXISTS(SELECT TOP (1) 1 FROM dbo.App_CL_ErrVerPet WHERE [ID] = 180)
INSERT INTO dbo.App_CL_ErrVerPet([ID],[RegexPetternID],[ErrorID],[SearchRegexMethodID],[NotIn_RegexPetternID])VALUES (180, 161, 161, 1, NULL)
IF NOT EXISTS(SELECT TOP (1) 1 FROM dbo.App_CL_ErrVerPet WHERE [ID] = 181)
INSERT INTO dbo.App_CL_ErrVerPet([ID],[RegexPetternID],[ErrorID],[SearchRegexMethodID],[NotIn_RegexPetternID])VALUES (181, 162, 161, 1, NULL)
IF NOT EXISTS(SELECT TOP (1) 1 FROM dbo.App_CL_ErrVerPet WHERE [ID] = 182)
INSERT INTO dbo.App_CL_ErrVerPet([ID],[RegexPetternID],[ErrorID],[SearchRegexMethodID],[NotIn_RegexPetternID])VALUES (182, 163, 163, 1, NULL)
IF NOT EXISTS(SELECT TOP (1) 1 FROM dbo.App_CL_ErrVerPet WHERE [ID] = 183)
INSERT INTO dbo.App_CL_ErrVerPet([ID],[RegexPetternID],[ErrorID],[SearchRegexMethodID],[NotIn_RegexPetternID])VALUES (183, 164, 164, 1, NULL)
IF NOT EXISTS(SELECT TOP (1) 1 FROM dbo.App_CL_ErrVerPet WHERE [ID] = 184)
INSERT INTO dbo.App_CL_ErrVerPet([ID],[RegexPetternID],[ErrorID],[SearchRegexMethodID],[NotIn_RegexPetternID])VALUES (184, 165, 165, 1, NULL)
IF NOT EXISTS(SELECT TOP (1) 1 FROM dbo.App_CL_ErrVerPet WHERE [ID] = 185)
INSERT INTO dbo.App_CL_ErrVerPet([ID],[RegexPetternID],[ErrorID],[SearchRegexMethodID],[NotIn_RegexPetternID])VALUES (185, 166, 166, 2, 167)



SET IDENTITY_INSERT History.App_IgnoreList ON

IF NOT EXISTS(SELECT TOP (1) 1 FROM History.App_IgnoreList WHERE [ID] = 2)
INSERT INTO History.App_IgnoreList([ID],[ObjectName],[DatabaseName],[ErrorID])VALUES (2, N'_Admin_.CommandsOnTableCustomsItemComputedData', N'Customs_Dev', 1000014)
IF NOT EXISTS(SELECT TOP (1) 1 FROM History.App_IgnoreList WHERE [ID] = 3)
INSERT INTO History.App_IgnoreList([ID],[ObjectName],[DatabaseName],[ErrorID])VALUES (3, N'_Admin_.CommandsOnTableCustomsItemComputedData', N'Customs_Dev', 1000026)
IF NOT EXISTS(SELECT TOP (1) 1 FROM History.App_IgnoreList WHERE [ID] = 53)
INSERT INTO History.App_IgnoreList([ID],[ObjectName],[DatabaseName],[ErrorID])VALUES (53, N'_Admin_.DealFile_ReleaseDeclaration', N'Customs_Dev', 1000029)
IF NOT EXISTS(SELECT TOP (1) 1 FROM History.App_IgnoreList WHERE [ID] = 54)
INSERT INTO History.App_IgnoreList([ID],[ObjectName],[DatabaseName],[ErrorID])VALUES (54, N'Temp.AgentInDeclarationActivity', N'Customs_Dev', 1000029)
IF NOT EXISTS(SELECT TOP (1) 1 FROM History.App_IgnoreList WHERE [ID] = 55)
INSERT INTO History.App_IgnoreList([ID],[ObjectName],[DatabaseName],[ErrorID])VALUES (55, N'Temp.AgentInDeclarationIndicationType', N'Customs_Dev', 1000029)
IF NOT EXISTS(SELECT TOP (1) 1 FROM History.App_IgnoreList WHERE [ID] = 56)
INSERT INTO History.App_IgnoreList([ID],[ObjectName],[DatabaseName],[ErrorID])VALUES (56, N'Temp.AllEntitlement', N'Customs_Dev', 1000029)
IF NOT EXISTS(SELECT TOP (1) 1 FROM History.App_IgnoreList WHERE [ID] = 57)
INSERT INTO History.App_IgnoreList([ID],[ObjectName],[DatabaseName],[ErrorID])VALUES (57, N'Temp.AssociatedDeclaration', N'Customs_Dev', 1000029)
IF NOT EXISTS(SELECT TOP (1) 1 FROM History.App_IgnoreList WHERE [ID] = 58)
INSERT INTO History.App_IgnoreList([ID],[ObjectName],[DatabaseName],[ErrorID])VALUES (58, N'Temp.AssociatedGoodsItem', N'Customs_Dev', 1000029)
IF NOT EXISTS(SELECT TOP (1) 1 FROM History.App_IgnoreList WHERE [ID] = 59)
INSERT INTO History.App_IgnoreList([ID],[ObjectName],[DatabaseName],[ErrorID])VALUES (59, N'Temp.Cargo', N'Customs_Dev', 1000029)
IF NOT EXISTS(SELECT TOP (1) 1 FROM History.App_IgnoreList WHERE [ID] = 60)
INSERT INTO History.App_IgnoreList([ID],[ObjectName],[DatabaseName],[ErrorID])VALUES (60, N'Temp.CargoMovement', N'Customs_Dev', 1000029)
IF NOT EXISTS(SELECT TOP (1) 1 FROM History.App_IgnoreList WHERE [ID] = 61)
INSERT INTO History.App_IgnoreList([ID],[ObjectName],[DatabaseName],[ErrorID])VALUES (61, N'Temp.CargoRowDetail', N'Customs_Dev', 1000029)
IF NOT EXISTS(SELECT TOP (1) 1 FROM History.App_IgnoreList WHERE [ID] = 62)
INSERT INTO History.App_IgnoreList([ID],[ObjectName],[DatabaseName],[ErrorID])VALUES (62, N'Temp.CargoRowRelatedPackaging', N'Customs_Dev', 1000029)
IF NOT EXISTS(SELECT TOP (1) 1 FROM History.App_IgnoreList WHERE [ID] = 63)
INSERT INTO History.App_IgnoreList([ID],[ObjectName],[DatabaseName],[ErrorID])VALUES (63, N'Temp.CargoVersion', N'Customs_Dev', 1000029)
IF NOT EXISTS(SELECT TOP (1) 1 FROM History.App_IgnoreList WHERE [ID] = 64)
INSERT INTO History.App_IgnoreList([ID],[ObjectName],[DatabaseName],[ErrorID])VALUES (64, N'Temp.Consignment', N'Customs_Dev', 1000029)
IF NOT EXISTS(SELECT TOP (1) 1 FROM History.App_IgnoreList WHERE [ID] = 65)
INSERT INTO History.App_IgnoreList([ID],[ObjectName],[DatabaseName],[ErrorID])VALUES (65, N'Temp.Corrent_VehicleTaxDetail', N'Customs_Dev', 1000029)
IF NOT EXISTS(SELECT TOP (1) 1 FROM History.App_IgnoreList WHERE [ID] = 66)
INSERT INTO History.App_IgnoreList([ID],[ObjectName],[DatabaseName],[ErrorID])VALUES (66, N'Temp.CustomerInDeclaration_ForeignResident', N'Customs_Dev', 1000029)
IF NOT EXISTS(SELECT TOP (1) 1 FROM History.App_IgnoreList WHERE [ID] = 67)
INSERT INTO History.App_IgnoreList([ID],[ObjectName],[DatabaseName],[ErrorID])VALUES (67, N'Temp.CustomsItem', N'Customs_Dev', 1000029)
IF NOT EXISTS(SELECT TOP (1) 1 FROM History.App_IgnoreList WHERE [ID] = 68)
INSERT INTO History.App_IgnoreList([ID],[ObjectName],[DatabaseName],[ErrorID])VALUES (68, N'Temp.CustomsItemLinkage', N'Customs_Dev', 1000029)
IF NOT EXISTS(SELECT TOP (1) 1 FROM History.App_IgnoreList WHERE [ID] = 69)
INSERT INTO History.App_IgnoreList([ID],[ObjectName],[DatabaseName],[ErrorID])VALUES (69, N'Temp.Declaration', N'Customs_Dev', 1000029)
IF NOT EXISTS(SELECT TOP (1) 1 FROM History.App_IgnoreList WHERE [ID] = 70)
INSERT INTO History.App_IgnoreList([ID],[ObjectName],[DatabaseName],[ErrorID])VALUES (70, N'Temp.DeliveryOrder', N'Customs_Dev', 1000029)
IF NOT EXISTS(SELECT TOP (1) 1 FROM History.App_IgnoreList WHERE [ID] = 71)
INSERT INTO History.App_IgnoreList([ID],[ObjectName],[DatabaseName],[ErrorID])VALUES (71, N'Temp.Entitlement', N'Customs_Dev', 1000029)
IF NOT EXISTS(SELECT TOP (1) 1 FROM History.App_IgnoreList WHERE [ID] = 72)
INSERT INTO History.App_IgnoreList([ID],[ObjectName],[DatabaseName],[ErrorID])VALUES (72, N'Temp.ExceptionConstraint', N'Customs_Dev', 1000029)
IF NOT EXISTS(SELECT TOP (1) 1 FROM History.App_IgnoreList WHERE [ID] = 73)
INSERT INTO History.App_IgnoreList([ID],[ObjectName],[DatabaseName],[ErrorID])VALUES (73, N'Temp.ExemptCustomsItem', N'Customs_Dev', 1000029)
IF NOT EXISTS(SELECT TOP (1) 1 FROM History.App_IgnoreList WHERE [ID] = 74)
INSERT INTO History.App_IgnoreList([ID],[ObjectName],[DatabaseName],[ErrorID])VALUES (74, N'Temp.FirstDec', N'Customs_Dev', 1000029)
IF NOT EXISTS(SELECT TOP (1) 1 FROM History.App_IgnoreList WHERE [ID] = 75)
INSERT INTO History.App_IgnoreList([ID],[ObjectName],[DatabaseName],[ErrorID])VALUES (75, N'Temp.FirstDecByGoodsItem', N'Customs_Dev', 1000029)
IF NOT EXISTS(SELECT TOP (1) 1 FROM History.App_IgnoreList WHERE [ID] = 76)
INSERT INTO History.App_IgnoreList([ID],[ObjectName],[DatabaseName],[ErrorID])VALUES (76, N'Temp.GoodsItem', N'Customs_Dev', 1000029)
IF NOT EXISTS(SELECT TOP (1) 1 FROM History.App_IgnoreList WHERE [ID] = 77)
INSERT INTO History.App_IgnoreList([ID],[ObjectName],[DatabaseName],[ErrorID])VALUES (77, N'Temp.GoodsItemQuantity', N'Customs_Dev', 1000029)
IF NOT EXISTS(SELECT TOP (1) 1 FROM History.App_IgnoreList WHERE [ID] = 78)
INSERT INTO History.App_IgnoreList([ID],[ObjectName],[DatabaseName],[ErrorID])VALUES (78, N'Temp.GoodsItemSerialNumber', N'Customs_Dev', 1000029)
IF NOT EXISTS(SELECT TOP (1) 1 FROM History.App_IgnoreList WHERE [ID] = 79)
INSERT INTO History.App_IgnoreList([ID],[ObjectName],[DatabaseName],[ErrorID])VALUES (79, N'Temp.GoodsItemTradeLevyExamptTypeTradeLevy', N'Customs_Dev', 1000029)
IF NOT EXISTS(SELECT TOP (1) 1 FROM History.App_IgnoreList WHERE [ID] = 80)
INSERT INTO History.App_IgnoreList([ID],[ObjectName],[DatabaseName],[ErrorID])VALUES (80, N'Temp.InternalBorderSite', N'Customs_Dev', 1000029)
IF NOT EXISTS(SELECT TOP (1) 1 FROM History.App_IgnoreList WHERE [ID] = 81)
INSERT INTO History.App_IgnoreList([ID],[ObjectName],[DatabaseName],[ErrorID])VALUES (81, N'Temp.Invoice', N'Customs_Dev', 1000029)
IF NOT EXISTS(SELECT TOP (1) 1 FROM History.App_IgnoreList WHERE [ID] = 82)
INSERT INTO History.App_IgnoreList([ID],[ObjectName],[DatabaseName],[ErrorID])VALUES (82, N'Temp.InvoiceLineModificationAndDiscount', N'Customs_Dev', 1000029)
IF NOT EXISTS(SELECT TOP (1) 1 FROM History.App_IgnoreList WHERE [ID] = 83)
INSERT INTO History.App_IgnoreList([ID],[ObjectName],[DatabaseName],[ErrorID])VALUES (83, N'Temp.InvoiceModificationAndDiscount', N'Customs_Dev', 1000029)
IF NOT EXISTS(SELECT TOP (1) 1 FROM History.App_IgnoreList WHERE [ID] = 84)
INSERT INTO History.App_IgnoreList([ID],[ObjectName],[DatabaseName],[ErrorID])VALUES (84, N'Temp.ItemConfirmation', N'Customs_Dev', 1000029)
IF NOT EXISTS(SELECT TOP (1) 1 FROM History.App_IgnoreList WHERE [ID] = 85)
INSERT INTO History.App_IgnoreList([ID],[ObjectName],[DatabaseName],[ErrorID])VALUES (85, N'Temp.ItemGovernmentProcedure', N'Customs_Dev', 1000029)
IF NOT EXISTS(SELECT TOP (1) 1 FROM History.App_IgnoreList WHERE [ID] = 86)
INSERT INTO History.App_IgnoreList([ID],[ObjectName],[DatabaseName],[ErrorID])VALUES (86, N'Temp.LeadDocument', N'Customs_Dev', 1000029)
IF NOT EXISTS(SELECT TOP (1) 1 FROM History.App_IgnoreList WHERE [ID] = 87)
INSERT INTO History.App_IgnoreList([ID],[ObjectName],[DatabaseName],[ErrorID])VALUES (87, N'Temp.LicenseConfirmationAndExamption', N'Customs_Dev', 1000029)
IF NOT EXISTS(SELECT TOP (1) 1 FROM History.App_IgnoreList WHERE [ID] = 88)
INSERT INTO History.App_IgnoreList([ID],[ObjectName],[DatabaseName],[ErrorID])VALUES (88, N'Temp.LOIBalance', N'Customs_Dev', 1000029)
IF NOT EXISTS(SELECT TOP (1) 1 FROM History.App_IgnoreList WHERE [ID] = 89)
INSERT INTO History.App_IgnoreList([ID],[ObjectName],[DatabaseName],[ErrorID])VALUES (89, N'Temp.PackagesInDeliverySite', N'Customs_Dev', 1000029)
IF NOT EXISTS(SELECT TOP (1) 1 FROM History.App_IgnoreList WHERE [ID] = 90)
INSERT INTO History.App_IgnoreList([ID],[ObjectName],[DatabaseName],[ErrorID])VALUES (90, N'Temp.PackagesInInternalBorderSite', N'Customs_Dev', 1000029)
IF NOT EXISTS(SELECT TOP (1) 1 FROM History.App_IgnoreList WHERE [ID] = 91)
INSERT INTO History.App_IgnoreList([ID],[ObjectName],[DatabaseName],[ErrorID])VALUES (91, N'Temp.PackagesInWarehouse', N'Customs_Dev', 1000029)
IF NOT EXISTS(SELECT TOP (1) 1 FROM History.App_IgnoreList WHERE [ID] = 92)
INSERT INTO History.App_IgnoreList([ID],[ObjectName],[DatabaseName],[ErrorID])VALUES (92, N'Temp.PackingDetail', N'Customs_Dev', 1000029)
IF NOT EXISTS(SELECT TOP (1) 1 FROM History.App_IgnoreList WHERE [ID] = 93)
INSERT INTO History.App_IgnoreList([ID],[ObjectName],[DatabaseName],[ErrorID])VALUES (93, N'Temp.PackingDetail_SUMALL', N'Customs_Dev', 1000029)
IF NOT EXISTS(SELECT TOP (1) 1 FROM History.App_IgnoreList WHERE [ID] = 94)
INSERT INTO History.App_IgnoreList([ID],[ObjectName],[DatabaseName],[ErrorID])VALUES (94, N'Temp.RegularityInception', N'Customs_Dev', 1000029)
IF NOT EXISTS(SELECT TOP (1) 1 FROM History.App_IgnoreList WHERE [ID] = 95)
INSERT INTO History.App_IgnoreList([ID],[ObjectName],[DatabaseName],[ErrorID])VALUES (95, N'Temp.RegularityRequirement', N'Customs_Dev', 1000029)
IF NOT EXISTS(SELECT TOP (1) 1 FROM History.App_IgnoreList WHERE [ID] = 96)
INSERT INTO History.App_IgnoreList([ID],[ObjectName],[DatabaseName],[ErrorID])VALUES (96, N'Temp.Tariff', N'Customs_Dev', 1000029)
IF NOT EXISTS(SELECT TOP (1) 1 FROM History.App_IgnoreList WHERE [ID] = 97)
INSERT INTO History.App_IgnoreList([ID],[ObjectName],[DatabaseName],[ErrorID])VALUES (97, N'Temp.TradeAgreement', N'Customs_Dev', 1000029)
IF NOT EXISTS(SELECT TOP (1) 1 FROM History.App_IgnoreList WHERE [ID] = 98)
INSERT INTO History.App_IgnoreList([ID],[ObjectName],[DatabaseName],[ErrorID])VALUES (98, N'Temp.TradeLevy', N'Customs_Dev', 1000029)
IF NOT EXISTS(SELECT TOP (1) 1 FROM History.App_IgnoreList WHERE [ID] = 99)
INSERT INTO History.App_IgnoreList([ID],[ObjectName],[DatabaseName],[ErrorID])VALUES (99, N'Temp.Vehicle', N'Customs_Dev', 1000029)
IF NOT EXISTS(SELECT TOP (1) 1 FROM History.App_IgnoreList WHERE [ID] = 100)
INSERT INTO History.App_IgnoreList([ID],[ObjectName],[DatabaseName],[ErrorID])VALUES (100, N'Temp.VehicleForGoodsItem', N'Customs_Dev', 1000029)
IF NOT EXISTS(SELECT TOP (1) 1 FROM History.App_IgnoreList WHERE [ID] = 101)
INSERT INTO History.App_IgnoreList([ID],[ObjectName],[DatabaseName],[ErrorID])VALUES (101, N'Temp.Vendor', N'Customs_Dev', 1000029)
IF NOT EXISTS(SELECT TOP (1) 1 FROM History.App_IgnoreList WHERE [ID] = 102)
INSERT INTO History.App_IgnoreList([ID],[ObjectName],[DatabaseName],[ErrorID])VALUES (102, N'_Admin_.DealFileValidation_CheckPowerOfAttorney', N'Customs_Dev', 1000022)
IF NOT EXISTS(SELECT TOP (1) 1 FROM History.App_IgnoreList WHERE [ID] = 103)
INSERT INTO History.App_IgnoreList([ID],[ObjectName],[DatabaseName],[ErrorID])VALUES (103, N'_Admin_.CommandsOnTableCustomsItemComputedDataLog', N'Customs_Dev', 1000026)
IF NOT EXISTS(SELECT TOP (1) 1 FROM History.App_IgnoreList WHERE [ID] = 104)
INSERT INTO History.App_IgnoreList([ID],[ObjectName],[DatabaseName],[ErrorID])VALUES (104, N'_Admin_.usp_DataDic_AsignDataDicGuid', N'Customs_Dev', 0)
IF NOT EXISTS(SELECT TOP (1) 1 FROM History.App_IgnoreList WHERE [ID] = 105)
INSERT INTO History.App_IgnoreList([ID],[ObjectName],[DatabaseName],[ErrorID])VALUES (105, N'_Admin_.usp_DataDic_DWHAsignDataDicGuid', N'Customs_Dev', 0)
IF NOT EXISTS(SELECT TOP (1) 1 FROM History.App_IgnoreList WHERE [ID] = 106)
INSERT INTO History.App_IgnoreList([ID],[ObjectName],[DatabaseName],[ErrorID])VALUES (106, N'_Admin_.usp_DataDic_DWHUpdateDic', N'Customs_Dev', 0)
IF NOT EXISTS(SELECT TOP (1) 1 FROM History.App_IgnoreList WHERE [ID] = 107)
INSERT INTO History.App_IgnoreList([ID],[ObjectName],[DatabaseName],[ErrorID])VALUES (107, N'_Admin_.usp_DataDic_SyncMasterDataDicGuid', N'Customs_Dev', 0)
IF NOT EXISTS(SELECT TOP (1) 1 FROM History.App_IgnoreList WHERE [ID] = 108)
INSERT INTO History.App_IgnoreList([ID],[ObjectName],[DatabaseName],[ErrorID])VALUES (108, N'_Admin_.usp_Security_SetAppUsers', N'Customs_Dev', 0)
IF NOT EXISTS(SELECT TOP (1) 1 FROM History.App_IgnoreList WHERE [ID] = 109)
INSERT INTO History.App_IgnoreList([ID],[ObjectName],[DatabaseName],[ErrorID])VALUES (109, N'_Admin_.usp_Shipping_INNER_SpecialProductionSync', N'Customs_Dev', 0)
IF NOT EXISTS(SELECT TOP (1) 1 FROM History.App_IgnoreList WHERE [ID] = 110)
INSERT INTO History.App_IgnoreList([ID],[ObjectName],[DatabaseName],[ErrorID])VALUES (110, N'_Admin_.usp_Shipping_OnRecoveryPacth', N'Customs_Dev', 0)
IF NOT EXISTS(SELECT TOP (1) 1 FROM History.App_IgnoreList WHERE [ID] = 111)
INSERT INTO History.App_IgnoreList([ID],[ObjectName],[DatabaseName],[ErrorID])VALUES (111, N'_ScheduleTask_.usp_General_UpdateRecordCountTableConfiguration', N'Customs_Dev', 0)
IF NOT EXISTS(SELECT TOP (1) 1 FROM History.App_IgnoreList WHERE [ID] = 112)
INSERT INTO History.App_IgnoreList([ID],[ObjectName],[DatabaseName],[ErrorID])VALUES (112, N'_ScheduleTask_.usp_Monitor_GlobalConfiguration', N'Customs_Dev', 0)
IF NOT EXISTS(SELECT TOP (1) 1 FROM History.App_IgnoreList WHERE [ID] = 113)
INSERT INTO History.App_IgnoreList([ID],[ObjectName],[DatabaseName],[ErrorID])VALUES (113, N'_ScheduleTask_.usp_VehiclePriceList_LoadJatoData', N'Customs_Dev', 0)
IF NOT EXISTS(SELECT TOP (1) 1 FROM History.App_IgnoreList WHERE [ID] = 114)
INSERT INTO History.App_IgnoreList([ID],[ObjectName],[DatabaseName],[ErrorID])VALUES (114, N'StockPileData.usp_VehiclePriceList_LoadJatoData', N'Customs_Dev', 0)
IF NOT EXISTS(SELECT TOP (1) 1 FROM History.App_IgnoreList WHERE [ID] = 115)
INSERT INTO History.App_IgnoreList([ID],[ObjectName],[DatabaseName],[ErrorID])VALUES (115, N'Infrastructure.RiskMng_ActimizeQueue', N'Customs_Dev', 1000026)
IF NOT EXISTS(SELECT TOP (1) 1 FROM History.App_IgnoreList WHERE [ID] = 116)
INSERT INTO History.App_IgnoreList([ID],[ObjectName],[DatabaseName],[ErrorID])VALUES (116, N'Infrastructure.RiskMng_ActimizeQueue', N'Customs_Dev', 1000026)
IF NOT EXISTS(SELECT TOP (1) 1 FROM History.App_IgnoreList WHERE [ID] = 117)
INSERT INTO History.App_IgnoreList([ID],[ObjectName],[DatabaseName],[ErrorID])VALUES (117, N'Infrastructure.RiskMng_ActimizeQueue', N'Customs_Dev', 1000026)
IF NOT EXISTS(SELECT TOP (1) 1 FROM History.App_IgnoreList WHERE [ID] = 118)
INSERT INTO History.App_IgnoreList([ID],[ObjectName],[DatabaseName],[ErrorID])VALUES (118, N'Infrastructure.RiskMng_ActimizeQueue', N'Customs_Dev', 1000026)
IF NOT EXISTS(SELECT TOP (1) 1 FROM History.App_IgnoreList WHERE [ID] = 119)
INSERT INTO History.App_IgnoreList([ID],[ObjectName],[DatabaseName],[ErrorID])VALUES (119, N'Infrastructure.RiskMng_ActimizeQueue', N'Customs_Dev', 1000026)
IF NOT EXISTS(SELECT TOP (1) 1 FROM History.App_IgnoreList WHERE [ID] = 120)
INSERT INTO History.App_IgnoreList([ID],[ObjectName],[DatabaseName],[ErrorID])VALUES (120, N'Infrastructure.RiskMng_ActimizeQueue', N'Customs_Dev', 1000026)
IF NOT EXISTS(SELECT TOP (1) 1 FROM History.App_IgnoreList WHERE [ID] = 121)
INSERT INTO History.App_IgnoreList([ID],[ObjectName],[DatabaseName],[ErrorID])VALUES (121, N'Infrastructure.RiskMng_ActimizeQueue', N'Customs_Dev', 1000026)
IF NOT EXISTS(SELECT TOP (1) 1 FROM History.App_IgnoreList WHERE [ID] = 122)
INSERT INTO History.App_IgnoreList([ID],[ObjectName],[DatabaseName],[ErrorID])VALUES (122, N'Infrastructure.RiskMng_ActimizeQueue', N'Customs_Dev', 1000026)
IF NOT EXISTS(SELECT TOP (1) 1 FROM History.App_IgnoreList WHERE [ID] = 123)
INSERT INTO History.App_IgnoreList([ID],[ObjectName],[DatabaseName],[ErrorID])VALUES (123, N'Infrastructure.RiskMng_ActimizeQueue', N'Customs_Dev', 1000026)
IF NOT EXISTS(SELECT TOP (1) 1 FROM History.App_IgnoreList WHERE [ID] = 124)
INSERT INTO History.App_IgnoreList([ID],[ObjectName],[DatabaseName],[ErrorID])VALUES (124, N'Infrastructure.RiskMng_ActimizeQueue', N'Customs_Dev', 1000026)
IF NOT EXISTS(SELECT TOP (1) 1 FROM History.App_IgnoreList WHERE [ID] = 125)
INSERT INTO History.App_IgnoreList([ID],[ObjectName],[DatabaseName],[ErrorID])VALUES (125, N'Infrastructure.RiskMng_ActimizeQueue', N'Customs_Dev', 1000026)
IF NOT EXISTS(SELECT TOP (1) 1 FROM History.App_IgnoreList WHERE [ID] = 126)
INSERT INTO History.App_IgnoreList([ID],[ObjectName],[DatabaseName],[ErrorID])VALUES (126, N'Infrastructure.RiskMng_ActimizeQueue', N'Customs_Dev', 1000026)
IF NOT EXISTS(SELECT TOP (1) 1 FROM History.App_IgnoreList WHERE [ID] = 127)
INSERT INTO History.App_IgnoreList([ID],[ObjectName],[DatabaseName],[ErrorID])VALUES (127, N'Infrastructure.RiskMng_ActimizeQueue', N'Customs_Dev', 1000026)
IF NOT EXISTS(SELECT TOP (1) 1 FROM History.App_IgnoreList WHERE [ID] = 128)
INSERT INTO History.App_IgnoreList([ID],[ObjectName],[DatabaseName],[ErrorID])VALUES (128, N'Infrastructure.RiskMng_ActimizeQueue', N'Customs_Dev', 1000026)
IF NOT EXISTS(SELECT TOP (1) 1 FROM History.App_IgnoreList WHERE [ID] = 129)
INSERT INTO History.App_IgnoreList([ID],[ObjectName],[DatabaseName],[ErrorID])VALUES (129, N'Infrastructure.RiskMng_ActimizeQueue', N'Customs_Dev', 1000026)
IF NOT EXISTS(SELECT TOP (1) 1 FROM History.App_IgnoreList WHERE [ID] = 130)
INSERT INTO History.App_IgnoreList([ID],[ObjectName],[DatabaseName],[ErrorID])VALUES (130, N'Infrastructure.Tax_CalculateTaxRunLog', N'Customs_Dev', 1000026)
IF NOT EXISTS(SELECT TOP (1) 1 FROM History.App_IgnoreList WHERE [ID] = 131)
INSERT INTO History.App_IgnoreList([ID],[ObjectName],[DatabaseName],[ErrorID])VALUES (131, N'Temp.AllEntitlement', N'Customs_Dev', 1000026)
IF NOT EXISTS(SELECT TOP (1) 1 FROM History.App_IgnoreList WHERE [ID] = 132)
INSERT INTO History.App_IgnoreList([ID],[ObjectName],[DatabaseName],[ErrorID])VALUES (132, N'Temp.Declaration', N'Customs_Dev', 1000026)
IF NOT EXISTS(SELECT TOP (1) 1 FROM History.App_IgnoreList WHERE [ID] = 133)
INSERT INTO History.App_IgnoreList([ID],[ObjectName],[DatabaseName],[ErrorID])VALUES (133, N'Temp.DeliveryOrder', N'Customs_Dev', 1000026)
IF NOT EXISTS(SELECT TOP (1) 1 FROM History.App_IgnoreList WHERE [ID] = 134)
INSERT INTO History.App_IgnoreList([ID],[ObjectName],[DatabaseName],[ErrorID])VALUES (134, N'Temp.Entitlement', N'Customs_Dev', 1000026)
IF NOT EXISTS(SELECT TOP (1) 1 FROM History.App_IgnoreList WHERE [ID] = 135)
INSERT INTO History.App_IgnoreList([ID],[ObjectName],[DatabaseName],[ErrorID])VALUES (135, N'Temp.GoodsItemQuantity', N'Customs_Dev', 1000026)
IF NOT EXISTS(SELECT TOP (1) 1 FROM History.App_IgnoreList WHERE [ID] = 136)
INSERT INTO History.App_IgnoreList([ID],[ObjectName],[DatabaseName],[ErrorID])VALUES (136, N'Temp.GoodsItemQuantity', N'Customs_Dev', 1000026)
IF NOT EXISTS(SELECT TOP (1) 1 FROM History.App_IgnoreList WHERE [ID] = 137)
INSERT INTO History.App_IgnoreList([ID],[ObjectName],[DatabaseName],[ErrorID])VALUES (137, N'Temp.Invoice', N'Customs_Dev', 1000026)
IF NOT EXISTS(SELECT TOP (1) 1 FROM History.App_IgnoreList WHERE [ID] = 138)
INSERT INTO History.App_IgnoreList([ID],[ObjectName],[DatabaseName],[ErrorID])VALUES (138, N'Temp.ItemGovernmentProcedure', N'Customs_Dev', 1000026)
IF NOT EXISTS(SELECT TOP (1) 1 FROM History.App_IgnoreList WHERE [ID] = 139)
INSERT INTO History.App_IgnoreList([ID],[ObjectName],[DatabaseName],[ErrorID])VALUES (139, N'Temp.LicenseConfirmationAndExamption', N'Customs_Dev', 1000026)
IF NOT EXISTS(SELECT TOP (1) 1 FROM History.App_IgnoreList WHERE [ID] = 140)
INSERT INTO History.App_IgnoreList([ID],[ObjectName],[DatabaseName],[ErrorID])VALUES (140, N'Temp.PackagesInDeliverySite', N'Customs_Dev', 1000026)
IF NOT EXISTS(SELECT TOP (1) 1 FROM History.App_IgnoreList WHERE [ID] = 141)
INSERT INTO History.App_IgnoreList([ID],[ObjectName],[DatabaseName],[ErrorID])VALUES (141, N'Temp.PackagesInDeliverySite', N'Customs_Dev', 1000026)
IF NOT EXISTS(SELECT TOP (1) 1 FROM History.App_IgnoreList WHERE [ID] = 142)
INSERT INTO History.App_IgnoreList([ID],[ObjectName],[DatabaseName],[ErrorID])VALUES (142, N'Temp.PackagesInInternalBorderSite', N'Customs_Dev', 1000026)
IF NOT EXISTS(SELECT TOP (1) 1 FROM History.App_IgnoreList WHERE [ID] = 143)
INSERT INTO History.App_IgnoreList([ID],[ObjectName],[DatabaseName],[ErrorID])VALUES (143, N'Temp.PackagesInWarehouse', N'Customs_Dev', 1000026)
IF NOT EXISTS(SELECT TOP (1) 1 FROM History.App_IgnoreList WHERE [ID] = 144)
INSERT INTO History.App_IgnoreList([ID],[ObjectName],[DatabaseName],[ErrorID])VALUES (144, N'_Admin_.DealFile_CarnetManageLeadDocumentStatus', N'Customs_Dev', 1000033)
IF NOT EXISTS(SELECT TOP (1) 1 FROM History.App_IgnoreList WHERE [ID] = 145)
INSERT INTO History.App_IgnoreList([ID],[ObjectName],[DatabaseName],[ErrorID])VALUES (145, N'_Admin_.DealFile_ManageLeadDocumentStatus', N'Customs_Dev', 1000033)
IF NOT EXISTS(SELECT TOP (1) 1 FROM History.App_IgnoreList WHERE [ID] = 146)
INSERT INTO History.App_IgnoreList([ID],[ObjectName],[DatabaseName],[ErrorID])VALUES (146, N'CRP.DealFile_DeclarationConstraint', N'Customs_Dev', 1000033)
IF NOT EXISTS(SELECT TOP (1) 1 FROM History.App_IgnoreList WHERE [ID] = 147)
INSERT INTO History.App_IgnoreList([ID],[ObjectName],[DatabaseName],[ErrorID])VALUES (147, N'CRP.DealFile_LeadDocumentFTSTiltle', N'Customs_Dev', 1000033)
IF NOT EXISTS(SELECT TOP (1) 1 FROM History.App_IgnoreList WHERE [ID] = 148)
INSERT INTO History.App_IgnoreList([ID],[ObjectName],[DatabaseName],[ErrorID])VALUES (148, N'Infrastructure.Events_EventRelatedEntity', N'Customs_Dev', 1000033)
IF NOT EXISTS(SELECT TOP (1) 1 FROM History.App_IgnoreList WHERE [ID] = 149)
INSERT INTO History.App_IgnoreList([ID],[ObjectName],[DatabaseName],[ErrorID])VALUES (149, N'Infrastructure.Tasks_TaskRelatedEntity', N'Customs_Dev', 1000033)
IF NOT EXISTS(SELECT TOP (1) 1 FROM History.App_IgnoreList WHERE [ID] = 150)
INSERT INTO History.App_IgnoreList([ID],[ObjectName],[DatabaseName],[ErrorID])VALUES (150, N'Knowledge.CustomsBook_TemporaryExemption', N'Customs_Dev', 1000033)
IF NOT EXISTS(SELECT TOP (1) 1 FROM History.App_IgnoreList WHERE [ID] = 151)
INSERT INTO History.App_IgnoreList([ID],[ObjectName],[DatabaseName],[ErrorID])VALUES (151, N'StockPileData.Customers_CustomerIndication', N'Customs_Dev', 1000033)
IF NOT EXISTS(SELECT TOP (1) 1 FROM History.App_IgnoreList WHERE [ID] = 152)
INSERT INTO History.App_IgnoreList([ID],[ObjectName],[DatabaseName],[ErrorID])VALUES (152, N'Temp.usp_DealFile_CROSS_RunTotalCheck', N'Customs_Dev', 1000034)
IF NOT EXISTS(SELECT TOP (1) 1 FROM History.App_IgnoreList WHERE [ID] = 153)
INSERT INTO History.App_IgnoreList([ID],[ObjectName],[DatabaseName],[ErrorID])VALUES (153, N'Temp.usp_DealFile_CROSS_RunTotalCheck', N'Customs_Dev', 1000034)
IF NOT EXISTS(SELECT TOP (1) 1 FROM History.App_IgnoreList WHERE [ID] = 154)
INSERT INTO History.App_IgnoreList([ID],[ObjectName],[DatabaseName],[ErrorID])VALUES (154, N'DBCC CHECKDB last successful good run was - 2015-04-11 08:00:01.580', N'Customs_Dev', 1000007)
SET IDENTITY_INSERT History.App_IgnoreList OFF



IF NOT EXISTS(SELECT TOP (1) 1 FROM dbo.App_GeneralCheck WHERE [ID] = 1000001)
INSERT INTO dbo.App_GeneralCheck([ID],[Name],[Massege],[IsActive],[URL_Reference],[SubjectGroupID],[DBVersionID],[SeverityID],[IsOnSingleObject])VALUES (1000001, N'dbo.usp_Schema_ClustredUniqueidentifier', N'A clustered index on GUID is not a good design. The very nature of GUID is that it''s random, 
while a clustered index physically orders the records by the key. 
The two things are completely at odds. For every insert SQL has to reorder the records on disk! 
Remove clustering from this index!
The time to use clustering is when you have a "natural" order to the data: time inserted, 
account number, etc. For time fields, clustering is almost free. For account number,
it might be free or cheap (when account numbers are assigned sequentially).
While there may be technical ways around the GUID issue,
the best idea is to understand when to use clustering.', 1, NULL, 6, 10, 3, 0)
IF NOT EXISTS(SELECT TOP (1) 1 FROM dbo.App_GeneralCheck WHERE [ID] = 1000002)
INSERT INTO dbo.App_GeneralCheck([ID],[Name],[Massege],[IsActive],[URL_Reference],[SubjectGroupID],[DBVersionID],[SeverityID],[IsOnSingleObject])VALUES (1000002, N'dbo.usp_Schema_TriggerWitoutSETNOCOUNT', N'Use SET NOCOUNT ON for better trigger performance', 1, N'http://searchwinit.techtarget.com/tip/Use-SET-NOCOUNT-ON-for-better-trigger-performance', 6, 10, 4, 0)
IF NOT EXISTS(SELECT TOP (1) 1 FROM dbo.App_GeneralCheck WHERE [ID] = 1000003)
INSERT INTO dbo.App_GeneralCheck([ID],[Name],[Massege],[IsActive],[URL_Reference],[SubjectGroupID],[DBVersionID],[SeverityID],[IsOnSingleObject])VALUES (1000003, N'dbo.usp_Schema_TimeStampRowversionNullable', N'There is no meanning for empty timestamp|rowversion column.', 1, NULL, 6, 9, 3, 0)
IF NOT EXISTS(SELECT TOP (1) 1 FROM dbo.App_GeneralCheck WHERE [ID] = 1000004)
INSERT INTO dbo.App_GeneralCheck([ID],[Name],[Massege],[IsActive],[URL_Reference],[SubjectGroupID],[DBVersionID],[SeverityID],[IsOnSingleObject])VALUES (1000004, N'dbo.usp_Schema_DeprecatedImageType', N'ntext , text, and image data types will be removed in a future version of Microsoft SQL Server.
Use nvarchar(max), varchar(max), and varbinary(max) instead.', 1, N'http://msdn.microsoft.com/en-us/library/ms187993.aspx', 6, 10, 3, 0)
IF NOT EXISTS(SELECT TOP (1) 1 FROM dbo.App_GeneralCheck WHERE [ID] = 1000005)
INSERT INTO dbo.App_GeneralCheck([ID],[Name],[Massege],[IsActive],[URL_Reference],[SubjectGroupID],[DBVersionID],[SeverityID],[IsOnSingleObject])VALUES (1000005, N'dbo.usp_Schema_SmallVariableLength', N'SR0009: Avoid using types of variable length that are size 1 or 2
Data for types of variable length is physically stored after data for types of fixed length. Therefore, you will cause data movement if you change a column from variable to fixed length in a table that is not empty.', 1, N'http://msdn.microsoft.com/en-us/library/dd193263(v=vs.100).aspx', 6, 10, 3, 0)
IF NOT EXISTS(SELECT TOP (1) 1 FROM dbo.App_GeneralCheck WHERE [ID] = 1000006)
INSERT INTO dbo.App_GeneralCheck([ID],[Name],[Massege],[IsActive],[URL_Reference],[SubjectGroupID],[DBVersionID],[SeverityID],[IsOnSingleObject])VALUES (1000006, N'dbo.usp_Database_UnusedSP', N'Stored Procedure has never been used since the SQL Server service has been activated.', 0, NULL, 7, 9, 4, 1)
IF NOT EXISTS(SELECT TOP (1) 1 FROM dbo.App_GeneralCheck WHERE [ID] = 1000007)
INSERT INTO dbo.App_GeneralCheck([ID],[Name],[Massege],[IsActive],[URL_Reference],[SubjectGroupID],[DBVersionID],[SeverityID],[IsOnSingleObject])VALUES (1000007, N'dbo.usp_Database_CheckDB', N'CHECKDB - Checks the logical and physical integrity of all the objects in the specified database by performing the following operations', 1, N'http://msdn.microsoft.com/en-us/library/ms176064.aspx', 7, 9, 3, 0)
IF NOT EXISTS(SELECT TOP (1) 1 FROM dbo.App_GeneralCheck WHERE [ID] = 1000008)
INSERT INTO dbo.App_GeneralCheck([ID],[Name],[Massege],[IsActive],[URL_Reference],[SubjectGroupID],[DBVersionID],[SeverityID],[IsOnSingleObject])VALUES (1000008, N'dbo.usp_Database_LastBackup', N'Database need to be backedup immediately!', 1, N'http://msdn.microsoft.com/en-us/library/ms175477.aspx', 7, 9, 3, 0)
IF NOT EXISTS(SELECT TOP (1) 1 FROM dbo.App_GeneralCheck WHERE [ID] = 1000009)
INSERT INTO dbo.App_GeneralCheck([ID],[Name],[Massege],[IsActive],[URL_Reference],[SubjectGroupID],[DBVersionID],[SeverityID],[IsOnSingleObject])VALUES (1000009, N'dbo.usp_Database_LOGFileSize', N'Log File is Too Big.', 1, NULL, 7, 9, 3, 0)
IF NOT EXISTS(SELECT TOP (1) 1 FROM dbo.App_GeneralCheck WHERE [ID] = 1000010)
INSERT INTO dbo.App_GeneralCheck([ID],[Name],[Massege],[IsActive],[URL_Reference],[SubjectGroupID],[DBVersionID],[SeverityID],[IsOnSingleObject])VALUES (1000010, N'dbo.usp_Database_LOGFileSizeVSDataFileSize', N'Log file is biger than all data files.', 1, NULL, 7, 9, 3, 0)
IF NOT EXISTS(SELECT TOP (1) 1 FROM dbo.App_GeneralCheck WHERE [ID] = 1000011)
INSERT INTO dbo.App_GeneralCheck([ID],[Name],[Massege],[IsActive],[URL_Reference],[SubjectGroupID],[DBVersionID],[SeverityID],[IsOnSingleObject])VALUES (1000011, N'dbo.usp_Database_msdbDataFileSize', N'msdb is too big. Clean history: DECLARE @DaysToLeft INT;
EXECUTE [dbo].[ups_msdb_DeleteHistory] @DaysToLeft = 60;', 1, N'http://www.sswug.org/articles/memberarticle.aspx?id=68000', 7, 9, 3, 0)
IF NOT EXISTS(SELECT TOP (1) 1 FROM dbo.App_GeneralCheck WHERE [ID] = 1000012)
INSERT INTO dbo.App_GeneralCheck([ID],[Name],[Massege],[IsActive],[URL_Reference],[SubjectGroupID],[DBVersionID],[SeverityID],[IsOnSingleObject])VALUES (1000012, N'dbo.usp_Schema_ViewDependOnView', N'Avoid using view in a view.', 1, NULL, 6, 9, 3, 0)
IF NOT EXISTS(SELECT TOP (1) 1 FROM dbo.App_GeneralCheck WHERE [ID] = 1000013)
INSERT INTO dbo.App_GeneralCheck([ID],[Name],[Massege],[IsActive],[URL_Reference],[SubjectGroupID],[DBVersionID],[SeverityID],[IsOnSingleObject])VALUES (1000013, N'dbo.usp_Schema_IdentCurrentLeft', N'Identity Column that going to run out', 1, NULL, 6, 9, 3, 0)
IF NOT EXISTS(SELECT TOP (1) 1 FROM dbo.App_GeneralCheck WHERE [ID] = 1000014)
INSERT INTO dbo.App_GeneralCheck([ID],[Name],[Massege],[IsActive],[URL_Reference],[SubjectGroupID],[DBVersionID],[SeverityID],[IsOnSingleObject])VALUES (1000014, N'dbo.usp_Index_ViewHeap', N'This Table has no Clustered index', 1, NULL, 8, 9, 3, 0)
IF NOT EXISTS(SELECT TOP (1) 1 FROM dbo.App_GeneralCheck WHERE [ID] = 1000015)
INSERT INTO dbo.App_GeneralCheck([ID],[Name],[Massege],[IsActive],[URL_Reference],[SubjectGroupID],[DBVersionID],[SeverityID],[IsOnSingleObject])VALUES (1000015, N'dbo.usp_Index_FindMissingIndex', N'Missing nonclustered index', 1, N'http://www.toadworld.com/platforms/sql-server/w/wiki/10063.find-missing-indexes.aspx', 8, 9, 3, 0)
IF NOT EXISTS(SELECT TOP (1) 1 FROM dbo.App_GeneralCheck WHERE [ID] = 1000016)
INSERT INTO dbo.App_GeneralCheck([ID],[Name],[Massege],[IsActive],[URL_Reference],[SubjectGroupID],[DBVersionID],[SeverityID],[IsOnSingleObject])VALUES (1000016, N'dbo.usp_Index_FindIndexesNotInUse', N'Find Indexes Not In Use', 1, N'http://www.toadworld.com/platforms/sql-server/w/wiki/10062.find-indexes-not-in-use.aspx', 8, 9, 3, 0)
IF NOT EXISTS(SELECT TOP (1) 1 FROM dbo.App_GeneralCheck WHERE [ID] = 1000017)
INSERT INTO dbo.App_GeneralCheck([ID],[Name],[Massege],[IsActive],[URL_Reference],[SubjectGroupID],[DBVersionID],[SeverityID],[IsOnSingleObject])VALUES (1000017, N'dbo.usp_Database_BackupLocation', N'Compare Backup Location File with Data File', 1, NULL, 7, 9, 3, 0)
IF NOT EXISTS(SELECT TOP (1) 1 FROM dbo.App_GeneralCheck WHERE [ID] = 1000018)
INSERT INTO dbo.App_GeneralCheck([ID],[Name],[Massege],[IsActive],[URL_Reference],[SubjectGroupID],[DBVersionID],[SeverityID],[IsOnSingleObject])VALUES (1000018, N'dbo.usp_Schema_NotTrustedConstreints', N'Find Not Trusted Constreints', 1, NULL, 6, 9, 3, 0)
IF NOT EXISTS(SELECT TOP (1) 1 FROM dbo.App_GeneralCheck WHERE [ID] = 1000019)
INSERT INTO dbo.App_GeneralCheck([ID],[Name],[Massege],[IsActive],[URL_Reference],[SubjectGroupID],[DBVersionID],[SeverityID],[IsOnSingleObject])VALUES (1000019, N'dbo.usp_SQLskills_SQL2008_finddupes', N'The Table have duplicate index', 1, N'http://www.sqlskills.com/blogs/kimberly/removing-duplicate-indexes/', 8, 9, 3, 0)
IF NOT EXISTS(SELECT TOP (1) 1 FROM dbo.App_GeneralCheck WHERE [ID] = 1000020)
INSERT INTO dbo.App_GeneralCheck([ID],[Name],[Massege],[IsActive],[URL_Reference],[SubjectGroupID],[DBVersionID],[SeverityID],[IsOnSingleObject])VALUES (1000020, N'dbo.usp_Schema_SchemaAsUser', N'There is schema in the database names as user name', 1, NULL, 6, 9, 3, 0)
IF NOT EXISTS(SELECT TOP (1) 1 FROM dbo.App_GeneralCheck WHERE [ID] = 1000021)
INSERT INTO dbo.App_GeneralCheck([ID],[Name],[Massege],[IsActive],[URL_Reference],[SubjectGroupID],[DBVersionID],[SeverityID],[IsOnSingleObject])VALUES (1000021, N'dbo.usp_DesignStandard_InvalidPKName', N'Invalid PK Name', 1, NULL, 9, 9, 4, 0)
IF NOT EXISTS(SELECT TOP (1) 1 FROM dbo.App_GeneralCheck WHERE [ID] = 1000022)
INSERT INTO dbo.App_GeneralCheck([ID],[Name],[Massege],[IsActive],[URL_Reference],[SubjectGroupID],[DBVersionID],[SeverityID],[IsOnSingleObject])VALUES (1000022, N'dbo.usp_DesignStandard_InvalidFKName', N'Invalid FK Name', 1, NULL, 9, 9, 4, 0)
IF NOT EXISTS(SELECT TOP (1) 1 FROM dbo.App_GeneralCheck WHERE [ID] = 1000023)
INSERT INTO dbo.App_GeneralCheck([ID],[Name],[Massege],[IsActive],[URL_Reference],[SubjectGroupID],[DBVersionID],[SeverityID],[IsOnSingleObject])VALUES (1000023, N'dbo.usp_DesignStandard_InvalidUQName', N'Invalid UQ Name', 1, NULL, 9, 9, 4, 0)
IF NOT EXISTS(SELECT TOP (1) 1 FROM dbo.App_GeneralCheck WHERE [ID] = 1000024)
INSERT INTO dbo.App_GeneralCheck([ID],[Name],[Massege],[IsActive],[URL_Reference],[SubjectGroupID],[DBVersionID],[SeverityID],[IsOnSingleObject])VALUES (1000024, N'dbo.usp_Schema_DefaultConstraintThatNotRelevant', N'Default-Constraint on nullable column', 0, N'http://msdn.microsoft.com/en-us/library/ms187742.aspx', 6, 9, 3, 0)
IF NOT EXISTS(SELECT TOP (1) 1 FROM dbo.App_GeneralCheck WHERE [ID] = 1000025)
INSERT INTO dbo.App_GeneralCheck([ID],[Name],[Massege],[IsActive],[URL_Reference],[SubjectGroupID],[DBVersionID],[SeverityID],[IsOnSingleObject])VALUES (1000025, N'dbo.usp_Index_FindDisabledIndexes', N'Indexes are disabled', 1, NULL, 8, 9, 3, 0)
IF NOT EXISTS(SELECT TOP (1) 1 FROM dbo.App_GeneralCheck WHERE [ID] = 1000026)
INSERT INTO dbo.App_GeneralCheck([ID],[Name],[Massege],[IsActive],[URL_Reference],[SubjectGroupID],[DBVersionID],[SeverityID],[IsOnSingleObject])VALUES (1000026, N'dbo.usp_DesignStandard_ColumnLowerLetter', N'Column name with lower letter', 1, NULL, 9, 9, 4, 0)
IF NOT EXISTS(SELECT TOP (1) 1 FROM dbo.App_GeneralCheck WHERE [ID] = 1000027)
INSERT INTO dbo.App_GeneralCheck([ID],[Name],[Massege],[IsActive],[URL_Reference],[SubjectGroupID],[DBVersionID],[SeverityID],[IsOnSingleObject])VALUES (1000027, N'dbo.usp_Database_UnusedParameterOnSP', N'Parameters On SP with no use', 0, NULL, 5, 9, 4, 1)
IF NOT EXISTS(SELECT TOP (1) 1 FROM dbo.App_GeneralCheck WHERE [ID] = 1000028)
INSERT INTO dbo.App_GeneralCheck([ID],[Name],[Massege],[IsActive],[URL_Reference],[SubjectGroupID],[DBVersionID],[SeverityID],[IsOnSingleObject])VALUES (1000028, N'dbo.usp_Bug_dm_db_index_usage_stats', N'Rebuilding an index clears any existing row entry from sys.dm_db_index_usage_stats for that index.', 1, N'https://connect.microsoft.com/SQLServer/feedback/details/739566/rebuilding-an-index-clears-stats-from-sys-dm-db-index-usage-stats', 7, 11, 4, 0)
IF NOT EXISTS(SELECT TOP (1) 1 FROM dbo.App_GeneralCheck WHERE [ID] = 1000029)
INSERT INTO dbo.App_GeneralCheck([ID],[Name],[Massege],[IsActive],[URL_Reference],[SubjectGroupID],[DBVersionID],[SeverityID],[IsOnSingleObject])VALUES (1000029, N'dbo.usp_Database_CollationMismatch', N'There is collation mismatch with collumns on the DB.', 1, N'http://technet.microsoft.com/en-us/library/ms190920.aspx', 7, 9, 3, 0)
IF NOT EXISTS(SELECT TOP (1) 1 FROM dbo.App_GeneralCheck WHERE [ID] = 1000030)
INSERT INTO dbo.App_GeneralCheck([ID],[Name],[Massege],[IsActive],[URL_Reference],[SubjectGroupID],[DBVersionID],[SeverityID],[IsOnSingleObject])VALUES (1000030, N'dbo.usp_Database_CollationMismatchTempDB', N'The collation on the DB is different from tempdb.', 1, N'http://www.sqlskills.com/blogs/kimberly/changing-database-collation-and-dealing-with-tempdb-objects/', 7, 9, 3, 0)
IF NOT EXISTS(SELECT TOP (1) 1 FROM dbo.App_GeneralCheck WHERE [ID] = 1000031)
INSERT INTO dbo.App_GeneralCheck([ID],[Name],[Massege],[IsActive],[URL_Reference],[SubjectGroupID],[DBVersionID],[SeverityID],[IsOnSingleObject])VALUES (1000031, N'dbo.usp_Schema_QuotedIdentifierOff', N'Try to avoid using SET QUOTED_IDENTIFIER OFF setting', 1, N'http://sqlhints.com/2011/12/22/difference-between-set-quoted_identifiers-on-and-off-settings/', 6, 9, 3, 1)
IF NOT EXISTS(SELECT TOP (1) 1 FROM dbo.App_GeneralCheck WHERE [ID] = 1000032)
INSERT INTO dbo.App_GeneralCheck([ID],[Name],[Massege],[IsActive],[URL_Reference],[SubjectGroupID],[DBVersionID],[SeverityID],[IsOnSingleObject])VALUES (1000032, N'dbo.usp_Index_FindOverLength', N'Total size of an index or primary key can not exceed 900 bytes.', 1, N'http://technet.microsoft.com/en-us/library/ms191241(v=sql.105).aspx', 8, 9, 3, 0)
IF NOT EXISTS(SELECT TOP (1) 1 FROM dbo.App_GeneralCheck WHERE [ID] = 1000033)
INSERT INTO dbo.App_GeneralCheck([ID],[Name],[Massege],[IsActive],[URL_Reference],[SubjectGroupID],[DBVersionID],[SeverityID],[IsOnSingleObject])VALUES (1000033, N'dbo.usp_Index_FindNunWithManyColumns', N'NONCLUSTERED with over 50% of the table column. Think maybe you should change to tour clustered index', 1, NULL, 8, 9, 3, 0)
IF NOT EXISTS(SELECT TOP (1) 1 FROM dbo.App_GeneralCheck WHERE [ID] = 1000034)
INSERT INTO dbo.App_GeneralCheck([ID],[Name],[Massege],[IsActive],[URL_Reference],[SubjectGroupID],[DBVersionID],[SeverityID],[IsOnSingleObject])VALUES (1000034, N'dbo.usp_Schema_BrokenDependencies', N'Referenced object that doesn''t exists.', 1, NULL, 6, 8, 2, 0)
IF NOT EXISTS(SELECT TOP (1) 1 FROM dbo.App_GeneralCheck WHERE [ID] = 1000035)
INSERT INTO dbo.App_GeneralCheck([ID],[Name],[Massege],[IsActive],[URL_Reference],[SubjectGroupID],[DBVersionID],[SeverityID],[IsOnSingleObject])VALUES (1000035, N'dbo.usp_Schema_SelectAll', N'is not recomended', 1, NULL, 6, 8, 2, 1)
IF NOT EXISTS(SELECT TOP (1) 1 FROM dbo.App_GeneralCheck WHERE [ID] = 1000036)
INSERT INTO dbo.App_GeneralCheck([ID],[Name],[Massege],[IsActive],[URL_Reference],[SubjectGroupID],[DBVersionID],[SeverityID],[IsOnSingleObject])VALUES (1000036, N'dbo.usp_Schema_FindNonCompileObject', N'The module $DATA_TYPE$ - $OBJECT_NAME$ does not compile.', 1, NULL, 6, 9, 4, 0)
IF NOT EXISTS(SELECT TOP (1) 1 FROM dbo.App_GeneralCheck WHERE [ID] = 1000037)
INSERT INTO dbo.App_GeneralCheck([ID],[Name],[Massege],[IsActive],[URL_Reference],[SubjectGroupID],[DBVersionID],[SeverityID],[IsOnSingleObject])VALUES (1000037, N'dbo.usp_Schema_PartitionLevelLockEscalation', N'Change the object lock escalationas on partitioned tables', 1, N'https://blogs.msdn.microsoft.com/sqlcat/2010/03/03/enabling-partition-level-locking-in-sql-server-2008', 6, 10, 4, 0)


IF NOT EXISTS(SELECT TOP (1) 1 FROM dbo.App_Exclusion WHERE [ID] = 1)
INSERT INTO dbo.App_Exclusion([ID],[ErrorID],[object_name],[DataBaseName])VALUES (1, 0, N'_Admin_.usp_DataDic_DWHUpdateDic', N'CustomsDWH_Dev')
IF NOT EXISTS(SELECT TOP (1) 1 FROM dbo.App_Exclusion WHERE [ID] = 2)
INSERT INTO dbo.App_Exclusion([ID],[ErrorID],[object_name],[DataBaseName])VALUES (2, 0, N'_Admin_.usp_DataDic_DWHAsignDataDicGuid', N'CustomsDWH_Dev')
IF NOT EXISTS(SELECT TOP (1) 1 FROM dbo.App_Exclusion WHERE [ID] = 3)
INSERT INTO dbo.App_Exclusion([ID],[ErrorID],[object_name],[DataBaseName])VALUES (3, 0, N'_Admin_.usp_Shipping_OnRecovery', N'CustomsDWH_Dev')
IF NOT EXISTS(SELECT TOP (1) 1 FROM dbo.App_Exclusion WHERE [ID] = 4)
INSERT INTO dbo.App_Exclusion([ID],[ErrorID],[object_name],[DataBaseName])VALUES (4, 0, N'dbo.usp_General_ShrinkLogFile', N'CustomsDWH_Dev')
IF NOT EXISTS(SELECT TOP (1) 1 FROM dbo.App_Exclusion WHERE [ID] = 5)
INSERT INTO dbo.App_Exclusion([ID],[ErrorID],[object_name],[DataBaseName])VALUES (5, 0, N'_Admin_.usp_Shipping_INNER_SpecialProductionSync', N'Customs_Dev')
IF NOT EXISTS(SELECT TOP (1) 1 FROM dbo.App_Exclusion WHERE [ID] = 6)
INSERT INTO dbo.App_Exclusion([ID],[ErrorID],[object_name],[DataBaseName])VALUES (6, 0, N'_Admin_.usp_Security_SetAppUsers', N'Customs_Dev')
IF NOT EXISTS(SELECT TOP (1) 1 FROM dbo.App_Exclusion WHERE [ID] = 7)
INSERT INTO dbo.App_Exclusion([ID],[ErrorID],[object_name],[DataBaseName])VALUES (7, 0, N'_Admin_.usp_DataDic_AsignDataDicGuid', N'Customs_Dev')
IF NOT EXISTS(SELECT TOP (1) 1 FROM dbo.App_Exclusion WHERE [ID] = 8)
INSERT INTO dbo.App_Exclusion([ID],[ErrorID],[object_name],[DataBaseName])VALUES (8, 0, N'_Admin_.usp_DataDic_UpdateRelationshipLink', N'Customs_Dev')
IF NOT EXISTS(SELECT TOP (1) 1 FROM dbo.App_Exclusion WHERE [ID] = 9)
INSERT INTO dbo.App_Exclusion([ID],[ErrorID],[object_name],[DataBaseName])VALUES (9, 0, N'_ScheduleTask_.usp_General_UpdateRecordCountTableConfiguration', N'Customs_Dev')
IF NOT EXISTS(SELECT TOP (1) 1 FROM dbo.App_Exclusion WHERE [ID] = 10)
INSERT INTO dbo.App_Exclusion([ID],[ErrorID],[object_name],[DataBaseName])VALUES (10, 0, N'_ScheduleTask_.usp_PublicServices_CreateTableDataForOuterServices', N'Customs_Dev')
IF NOT EXISTS(SELECT TOP (1) 1 FROM dbo.App_Exclusion WHERE [ID] = 11)
INSERT INTO dbo.App_Exclusion([ID],[ErrorID],[object_name],[DataBaseName])VALUES (11, 0, N'_ScheduleTask_.usp_VehiclePriceList_LoadJatoData', N'Customs_Dev')
IF NOT EXISTS(SELECT TOP (1) 1 FROM dbo.App_Exclusion WHERE [ID] = 12)
INSERT INTO dbo.App_Exclusion([ID],[ErrorID],[object_name],[DataBaseName])VALUES (12, 0, N'DBA.usp_SafeUpdate_CreateSafetyTrigger', N'Customs_Dev')
IF NOT EXISTS(SELECT TOP (1) 1 FROM dbo.App_Exclusion WHERE [ID] = 13)
INSERT INTO dbo.App_Exclusion([ID],[ErrorID],[object_name],[DataBaseName])VALUES (13, 0, N'_Admin_.usp_DataDic_SyncMasterDataDicGuid', N'Customs_Dev')
IF NOT EXISTS(SELECT TOP (1) 1 FROM dbo.App_Exclusion WHERE [ID] = 14)
INSERT INTO dbo.App_Exclusion([ID],[ErrorID],[object_name],[DataBaseName])VALUES (14, 4, N'dbo.sp_alterdiagram', N'Customs_Dev')
IF NOT EXISTS(SELECT TOP (1) 1 FROM dbo.App_Exclusion WHERE [ID] = 15)
INSERT INTO dbo.App_Exclusion([ID],[ErrorID],[object_name],[DataBaseName])VALUES (15, 4, N'dbo.sp_creatediagram', N'Customs_Dev')
IF NOT EXISTS(SELECT TOP (1) 1 FROM dbo.App_Exclusion WHERE [ID] = 16)
INSERT INTO dbo.App_Exclusion([ID],[ErrorID],[object_name],[DataBaseName])VALUES (16, 4, N'dbo.sp_dropdiagram', N'Customs_Dev')
IF NOT EXISTS(SELECT TOP (1) 1 FROM dbo.App_Exclusion WHERE [ID] = 17)
INSERT INTO dbo.App_Exclusion([ID],[ErrorID],[object_name],[DataBaseName])VALUES (17, 4, N'dbo.sp_helpdiagramdefinition', N'Customs_Dev')
IF NOT EXISTS(SELECT TOP (1) 1 FROM dbo.App_Exclusion WHERE [ID] = 18)
INSERT INTO dbo.App_Exclusion([ID],[ErrorID],[object_name],[DataBaseName])VALUES (18, 4, N'dbo.sp_helpdiagrams', N'Customs_Dev')
IF NOT EXISTS(SELECT TOP (1) 1 FROM dbo.App_Exclusion WHERE [ID] = 19)
INSERT INTO dbo.App_Exclusion([ID],[ErrorID],[object_name],[DataBaseName])VALUES (19, 4, N'dbo.sp_renamediagram', N'Customs_Dev')
IF NOT EXISTS(SELECT TOP (1) 1 FROM dbo.App_Exclusion WHERE [ID] = 20)
INSERT INTO dbo.App_Exclusion([ID],[ErrorID],[object_name],[DataBaseName])VALUES (20, 4, N'dbo.sp_upgraddiagrams', N'Customs_Dev')


IF NOT EXISTS(SELECT TOP (1) 1 FROM dbo.App_Exclusion WHERE [ID] = 1)
INSERT INTO dbo.App_Exclusion([ID],[ErrorID],[object_name],[DataBaseName])VALUES (1, 0, N'_Admin_.usp_DataDic_DWHUpdateDic', N'CustomsDWH_Dev')
IF NOT EXISTS(SELECT TOP (1) 1 FROM dbo.App_Exclusion WHERE [ID] = 2)
INSERT INTO dbo.App_Exclusion([ID],[ErrorID],[object_name],[DataBaseName])VALUES (2, 0, N'_Admin_.usp_DataDic_DWHAsignDataDicGuid', N'CustomsDWH_Dev')
IF NOT EXISTS(SELECT TOP (1) 1 FROM dbo.App_Exclusion WHERE [ID] = 3)
INSERT INTO dbo.App_Exclusion([ID],[ErrorID],[object_name],[DataBaseName])VALUES (3, 0, N'_Admin_.usp_Shipping_OnRecovery', N'CustomsDWH_Dev')
IF NOT EXISTS(SELECT TOP (1) 1 FROM dbo.App_Exclusion WHERE [ID] = 4)
INSERT INTO dbo.App_Exclusion([ID],[ErrorID],[object_name],[DataBaseName])VALUES (4, 0, N'dbo.usp_General_ShrinkLogFile', N'CustomsDWH_Dev')
IF NOT EXISTS(SELECT TOP (1) 1 FROM dbo.App_Exclusion WHERE [ID] = 5)
INSERT INTO dbo.App_Exclusion([ID],[ErrorID],[object_name],[DataBaseName])VALUES (5, 0, N'_Admin_.usp_Shipping_INNER_SpecialProductionSync', N'Customs_Dev')
IF NOT EXISTS(SELECT TOP (1) 1 FROM dbo.App_Exclusion WHERE [ID] = 6)
INSERT INTO dbo.App_Exclusion([ID],[ErrorID],[object_name],[DataBaseName])VALUES (6, 0, N'_Admin_.usp_Security_SetAppUsers', N'Customs_Dev')
IF NOT EXISTS(SELECT TOP (1) 1 FROM dbo.App_Exclusion WHERE [ID] = 7)
INSERT INTO dbo.App_Exclusion([ID],[ErrorID],[object_name],[DataBaseName])VALUES (7, 0, N'_Admin_.usp_DataDic_AsignDataDicGuid', N'Customs_Dev')
IF NOT EXISTS(SELECT TOP (1) 1 FROM dbo.App_Exclusion WHERE [ID] = 8)
INSERT INTO dbo.App_Exclusion([ID],[ErrorID],[object_name],[DataBaseName])VALUES (8, 0, N'_Admin_.usp_DataDic_UpdateRelationshipLink', N'Customs_Dev')
IF NOT EXISTS(SELECT TOP (1) 1 FROM dbo.App_Exclusion WHERE [ID] = 9)
INSERT INTO dbo.App_Exclusion([ID],[ErrorID],[object_name],[DataBaseName])VALUES (9, 0, N'_ScheduleTask_.usp_General_UpdateRecordCountTableConfiguration', N'Customs_Dev')
IF NOT EXISTS(SELECT TOP (1) 1 FROM dbo.App_Exclusion WHERE [ID] = 10)
INSERT INTO dbo.App_Exclusion([ID],[ErrorID],[object_name],[DataBaseName])VALUES (10, 0, N'_ScheduleTask_.usp_PublicServices_CreateTableDataForOuterServices', N'Customs_Dev')
IF NOT EXISTS(SELECT TOP (1) 1 FROM dbo.App_Exclusion WHERE [ID] = 11)
INSERT INTO dbo.App_Exclusion([ID],[ErrorID],[object_name],[DataBaseName])VALUES (11, 0, N'_ScheduleTask_.usp_VehiclePriceList_LoadJatoData', N'Customs_Dev')
IF NOT EXISTS(SELECT TOP (1) 1 FROM dbo.App_Exclusion WHERE [ID] = 12)
INSERT INTO dbo.App_Exclusion([ID],[ErrorID],[object_name],[DataBaseName])VALUES (12, 0, N'DBA.usp_SafeUpdate_CreateSafetyTrigger', N'Customs_Dev')
IF NOT EXISTS(SELECT TOP (1) 1 FROM dbo.App_Exclusion WHERE [ID] = 13)
INSERT INTO dbo.App_Exclusion([ID],[ErrorID],[object_name],[DataBaseName])VALUES (13, 0, N'_Admin_.usp_DataDic_SyncMasterDataDicGuid', N'Customs_Dev')
IF NOT EXISTS(SELECT TOP (1) 1 FROM dbo.App_Exclusion WHERE [ID] = 14)
INSERT INTO dbo.App_Exclusion([ID],[ErrorID],[object_name],[DataBaseName])VALUES (14, 4, N'dbo.sp_alterdiagram', N'Customs_Dev')
IF NOT EXISTS(SELECT TOP (1) 1 FROM dbo.App_Exclusion WHERE [ID] = 15)
INSERT INTO dbo.App_Exclusion([ID],[ErrorID],[object_name],[DataBaseName])VALUES (15, 4, N'dbo.sp_creatediagram', N'Customs_Dev')
IF NOT EXISTS(SELECT TOP (1) 1 FROM dbo.App_Exclusion WHERE [ID] = 16)
INSERT INTO dbo.App_Exclusion([ID],[ErrorID],[object_name],[DataBaseName])VALUES (16, 4, N'dbo.sp_dropdiagram', N'Customs_Dev')
IF NOT EXISTS(SELECT TOP (1) 1 FROM dbo.App_Exclusion WHERE [ID] = 17)
INSERT INTO dbo.App_Exclusion([ID],[ErrorID],[object_name],[DataBaseName])VALUES (17, 4, N'dbo.sp_helpdiagramdefinition', N'Customs_Dev')
IF NOT EXISTS(SELECT TOP (1) 1 FROM dbo.App_Exclusion WHERE [ID] = 18)
INSERT INTO dbo.App_Exclusion([ID],[ErrorID],[object_name],[DataBaseName])VALUES (18, 4, N'dbo.sp_helpdiagrams', N'Customs_Dev')
IF NOT EXISTS(SELECT TOP (1) 1 FROM dbo.App_Exclusion WHERE [ID] = 19)
INSERT INTO dbo.App_Exclusion([ID],[ErrorID],[object_name],[DataBaseName])VALUES (19, 4, N'dbo.sp_renamediagram', N'Customs_Dev')
IF NOT EXISTS(SELECT TOP (1) 1 FROM dbo.App_Exclusion WHERE [ID] = 20)
INSERT INTO dbo.App_Exclusion([ID],[ErrorID],[object_name],[DataBaseName])VALUES (20, 4, N'dbo.sp_upgraddiagrams', N'Customs_Dev')


SET IDENTITY_INSERT dbo.App_SubjectGroup ON

IF NOT EXISTS(SELECT TOP (1) 1 FROM dbo.App_SubjectGroup WHERE [ID] = 1)
INSERT INTO dbo.App_SubjectGroup([ID],[Subject])VALUES (1, N'User Code Smells')
IF NOT EXISTS(SELECT TOP (1) 1 FROM dbo.App_SubjectGroup WHERE [ID] = 2)
INSERT INTO dbo.App_SubjectGroup([ID],[Subject])VALUES (2, N'Deprecated Code 2005')
IF NOT EXISTS(SELECT TOP (1) 1 FROM dbo.App_SubjectGroup WHERE [ID] = 3)
INSERT INTO dbo.App_SubjectGroup([ID],[Subject])VALUES (3, N'Deprecated Code 2008')
IF NOT EXISTS(SELECT TOP (1) 1 FROM dbo.App_SubjectGroup WHERE [ID] = 4)
INSERT INTO dbo.App_SubjectGroup([ID],[Subject])VALUES (4, N'Deprecated Code 2012')
IF NOT EXISTS(SELECT TOP (1) 1 FROM dbo.App_SubjectGroup WHERE [ID] = 5)
INSERT INTO dbo.App_SubjectGroup([ID],[Subject])VALUES (5, N'General Code Smells')
IF NOT EXISTS(SELECT TOP (1) 1 FROM dbo.App_SubjectGroup WHERE [ID] = 6)
INSERT INTO dbo.App_SubjectGroup([ID],[Subject])VALUES (6, N'Schema Validation')
IF NOT EXISTS(SELECT TOP (1) 1 FROM dbo.App_SubjectGroup WHERE [ID] = 7)
INSERT INTO dbo.App_SubjectGroup([ID],[Subject])VALUES (7, N'Database Validation')
IF NOT EXISTS(SELECT TOP (1) 1 FROM dbo.App_SubjectGroup WHERE [ID] = 8)
INSERT INTO dbo.App_SubjectGroup([ID],[Subject])VALUES (8, N'Index Validation')
IF NOT EXISTS(SELECT TOP (1) 1 FROM dbo.App_SubjectGroup WHERE [ID] = 9)
INSERT INTO dbo.App_SubjectGroup([ID],[Subject])VALUES (9, N'Design Standards')
SET IDENTITY_INSERT dbo.App_SubjectGroup OFF


IF NOT EXISTS(SELECT TOP (1) 1 FROM dbo.Setup_GlobleParameter WHERE [ID] = 1)
INSERT INTO dbo.Setup_GlobleParameter([ID],[Name],[Value])VALUES (1, N'Coallation', N'SQL_Latin1_General_CP1_CI_AS')
IF NOT EXISTS(SELECT TOP (1) 1 FROM dbo.Setup_GlobleParameter WHERE [ID] = 2)
INSERT INTO dbo.Setup_GlobleParameter([ID],[Name],[Value])VALUES (2, N'Minimum day that the SQL Server service is up to start check', N'-14')
IF NOT EXISTS(SELECT TOP (1) 1 FROM dbo.Setup_GlobleParameter WHERE [ID] = 3)
INSERT INTO dbo.Setup_GlobleParameter([ID],[Name],[Value])VALUES (3, N'Minimum days to CheckDB Last Known Good', N'-14')
IF NOT EXISTS(SELECT TOP (1) 1 FROM dbo.Setup_GlobleParameter WHERE [ID] = 4)
INSERT INTO dbo.Setup_GlobleParameter([ID],[Name],[Value])VALUES (4, N'Minimum days to Full Backup', N'-14')
IF NOT EXISTS(SELECT TOP (1) 1 FROM dbo.Setup_GlobleParameter WHERE [ID] = 5)
INSERT INTO dbo.Setup_GlobleParameter([ID],[Name],[Value])VALUES (5, N'Minimum days to Log Backup', N'-7')
IF NOT EXISTS(SELECT TOP (1) 1 FROM dbo.Setup_GlobleParameter WHERE [ID] = 6)
INSERT INTO dbo.Setup_GlobleParameter([ID],[Name],[Value])VALUES (6, N'Maximum size of LOG file to alert(GB)', N'20')
IF NOT EXISTS(SELECT TOP (1) 1 FROM dbo.Setup_GlobleParameter WHERE [ID] = 7)
INSERT INTO dbo.Setup_GlobleParameter([ID],[Name],[Value])VALUES (7, N'Maximum size of msdb file in(GB)', N'1')
IF NOT EXISTS(SELECT TOP (1) 1 FROM dbo.Setup_GlobleParameter WHERE [ID] = 8)
INSERT INTO dbo.Setup_GlobleParameter([ID],[Name],[Value])VALUES (8, N'Percent usage of numbers in Identity columns', N'70')


IF NOT EXISTS(SELECT TOP (1) 1 FROM dbo.App_DBVersion WHERE [ID] = 9)
INSERT INTO dbo.App_DBVersion([ID],[Version])VALUES (9, N'2005')
IF NOT EXISTS(SELECT TOP (1) 1 FROM dbo.App_DBVersion WHERE [ID] = 10)
INSERT INTO dbo.App_DBVersion([ID],[Version])VALUES (10, N'2008')
IF NOT EXISTS(SELECT TOP (1) 1 FROM dbo.App_DBVersion WHERE [ID] = 11)
INSERT INTO dbo.App_DBVersion([ID],[Version])VALUES (11, N'2012')
IF NOT EXISTS(SELECT TOP (1) 1 FROM dbo.App_DBVersion WHERE [ID] = 12)
INSERT INTO dbo.App_DBVersion([ID],[Version])VALUES (12, N'2014')
IF NOT EXISTS(SELECT TOP (1) 1 FROM dbo.App_DBVersion WHERE [ID] = 13)
INSERT INTO dbo.App_DBVersion([ID],[Version])VALUES (13, N'2016')
IF NOT EXISTS(SELECT TOP (1) 1 FROM dbo.App_DBVersion WHERE [ID] = 14)
INSERT INTO dbo.App_DBVersion([ID],[Version])VALUES (14, N'2017')



SET IDENTITY_INSERT dbo.App_Severity ON

IF NOT EXISTS(SELECT TOP (1) 1 FROM dbo.App_Severity WHERE [ID] = 1)
INSERT INTO dbo.App_Severity([ID],[Name])VALUES (1, N'Critical')
IF NOT EXISTS(SELECT TOP (1) 1 FROM dbo.App_Severity WHERE [ID] = 2)
INSERT INTO dbo.App_Severity([ID],[Name])VALUES (2, N'Major')
IF NOT EXISTS(SELECT TOP (1) 1 FROM dbo.App_Severity WHERE [ID] = 3)
INSERT INTO dbo.App_Severity([ID],[Name])VALUES (3, N'Minor')
IF NOT EXISTS(SELECT TOP (1) 1 FROM dbo.App_Severity WHERE [ID] = 4)
INSERT INTO dbo.App_Severity([ID],[Name])VALUES (4, N'Warning')
SET IDENTITY_INSERT dbo.App_Severity OFF



SET IDENTITY_INSERT dbo.App_enum_SearchRegexMethod ON

IF NOT EXISTS(SELECT TOP (1) 1 FROM dbo.App_enum_SearchRegexMethod WHERE [ID] = 1)
INSERT INTO dbo.App_enum_SearchRegexMethod([ID],[Name])VALUES (1, N'Found In The Code')
IF NOT EXISTS(SELECT TOP (1) 1 FROM dbo.App_enum_SearchRegexMethod WHERE [ID] = 2)
INSERT INTO dbo.App_enum_SearchRegexMethod([ID],[Name])VALUES (2, N'Not Found In The Code')
SET IDENTITY_INSERT dbo.App_enum_SearchRegexMethod OFF
